timestamp,RPM,TPS,Fuel Open Time,Ignition Angle,Barometer,MAP,Lambda,Pressure Type,Analog Input #1,Analog Input #2,Analog Input #3,Analog Input #4,Analog Input #5,Analog Input #6,Analog Input #7,Analog Input #8,Frequency 1,Frequency 2,Frequency 3,Frequency 4,Driven Avg Wheel Speed,Non-Driven Avg Wheel Speed,Ignition Compensation,Ignition Cut Percentage,Driven Wheel Speed #1,Driven Wheel Speed #2,Non-Driven Wheel Speed #1,Non-Driven Wheel Speed #2,Battery Volt,Air Temp,Coolant Temp,Temp Type
1721153748.5412626,2100.0,1.9,1.79,6.4,,,,,,,,,,,,,,,,,,,,,,,,,,,,
1721153748.5512443,2100.0,1.9,1.79,6.4,14.7,12.49,0.98,KPA,,,,,,,,,,,,,,,,,,,,,,,,
1721153748.5612361,2100.0,1.9,1.79,6.4,14.7,12.49,0.98,KPA,1.52,2.22,0.01,0.51,,,,,,,,,,,,,,,,,,,,
1721153748.5712564,2100.0,1.9,1.79,6.4,14.7,12.49,0.98,KPA,1.52,2.22,0.01,0.51,0.01,0.57,0.01,0.04,,,,,,,,,,,,,,,,
1721153748.5831676,2100.0,1.9,1.79,6.4,14.7,12.49,0.98,KPA,1.52,2.22,0.01,0.51,0.01,0.57,0.01,0.04,0.0,0.0,0.0,0.0,,,,,,,,,,,,
1721153748.5837498,2100.0,1.9,1.79,6.4,14.7,12.49,0.98,KPA,1.52,2.22,0.01,0.51,0.01,0.57,0.01,0.04,0.0,0.0,0.0,0.0,0.0,0.0,0.0,0.0,,,,,,,,
1721153748.5912495,2127.0,2.0,1.79,6.4,14.7,12.49,0.98,KPA,1.52,2.22,0.01,0.51,0.01,0.57,0.01,0.04,0.0,0.0,0.0,0.0,0.0,0.0,0.0,0.0,,,,,,,,
1721153748.5918286,2127.0,2.0,1.79,6.4,14.7,12.49,0.98,KPA,1.52,2.22,0.01,0.51,0.01,0.57,0.01,0.04,0.0,0.0,0.0,0.0,0.0,0.0,0.0,0.0,0.0,0.0,0.0,0.0,,,,
1721153748.6012444,2127.0,2.0,1.79,6.4,14.7,12.72,0.98,KPA,1.52,2.22,0.01,0.51,0.01,0.57,0.01,0.04,0.0,0.0,0.0,0.0,0.0,0.0,0.0,0.0,0.0,0.0,0.0,0.0,,,,
1721153748.641241,2053.0,2.0,1.79,5.0,14.7,12.72,0.98,KPA,1.52,2.22,0.01,0.51,0.01,0.57,0.01,0.04,0.0,0.0,0.0,0.0,0.0,0.0,0.0,0.0,0.0,0.0,0.0,0.0,,,,
1721153748.6512225,2053.0,2.0,1.79,5.0,14.7,12.39,0.98,KPA,1.52,2.22,0.01,0.51,0.01,0.57,0.01,0.04,0.0,0.0,0.0,0.0,0.0,0.0,0.0,0.0,0.0,0.0,0.0,0.0,,,,
1721153748.6612368,2053.0,2.0,1.79,5.0,14.7,12.39,0.98,KPA,1.53,2.22,0.01,0.51,0.01,0.57,0.01,0.04,0.0,0.0,0.0,0.0,0.0,0.0,0.0,0.0,0.0,0.0,0.0,0.0,,,,
1721153748.6712525,2053.0,2.0,1.79,5.0,14.7,12.39,0.98,KPA,1.53,2.22,0.01,0.51,0.01,0.58,0.01,0.04,0.0,0.0,0.0,0.0,0.0,0.0,0.0,0.0,0.0,0.0,0.0,0.0,,,,
1721153748.6812696,2053.0,2.0,1.79,5.0,14.7,12.39,0.98,KPA,1.53,2.22,0.01,0.51,0.01,0.58,0.01,0.04,0.0,0.0,0.0,0.0,0.0,0.0,0.0,0.0,0.0,0.0,0.0,0.0,,,,
1721153748.6818419,2053.0,2.0,1.79,5.0,14.7,12.39,0.98,KPA,1.53,2.22,0.01,0.51,0.01,0.58,0.01,0.04,0.0,0.0,0.0,0.0,0.0,0.0,0.0,0.0,0.0,0.0,0.0,0.0,,,,
1721153748.6912522,2107.0,2.0,1.78,5.0,14.7,12.39,0.98,KPA,1.53,2.22,0.01,0.51,0.01,0.58,0.01,0.04,0.0,0.0,0.0,0.0,0.0,0.0,0.0,0.0,0.0,0.0,0.0,0.0,,,,
1721153748.6918323,2107.0,2.0,1.78,5.0,14.7,12.39,0.98,KPA,1.53,2.22,0.01,0.51,0.01,0.58,0.01,0.04,0.0,0.0,0.0,0.0,0.0,0.0,0.0,0.0,0.0,0.0,0.0,0.0,,,,
1721153748.7012322,2107.0,2.0,1.78,5.0,14.7,12.56,0.98,KPA,1.53,2.22,0.01,0.51,0.01,0.58,0.01,0.04,0.0,0.0,0.0,0.0,0.0,0.0,0.0,0.0,0.0,0.0,0.0,0.0,,,,
1721153748.7412527,2096.0,1.9,1.78,5.0,14.7,12.56,0.98,KPA,1.53,2.22,0.01,0.51,0.01,0.58,0.01,0.04,0.0,0.0,0.0,0.0,0.0,0.0,0.0,0.0,0.0,0.0,0.0,0.0,,,,
1721153748.751236,2096.0,1.9,1.78,5.0,14.7,12.43,0.98,KPA,1.53,2.22,0.01,0.51,0.01,0.58,0.01,0.04,0.0,0.0,0.0,0.0,0.0,0.0,0.0,0.0,0.0,0.0,0.0,0.0,,,,
1721153748.7612288,2096.0,1.9,1.78,5.0,14.7,12.43,0.98,KPA,1.56,2.22,0.01,0.51,0.01,0.58,0.01,0.04,0.0,0.0,0.0,0.0,0.0,0.0,0.0,0.0,0.0,0.0,0.0,0.0,,,,
1721153748.7712486,2096.0,1.9,1.78,5.0,14.7,12.43,0.98,KPA,1.56,2.22,0.01,0.51,0.01,0.58,0.01,0.04,0.0,0.0,0.0,0.0,0.0,0.0,0.0,0.0,0.0,0.0,0.0,0.0,,,,
1721153748.7825391,2096.0,1.9,1.78,5.0,14.7,12.43,0.98,KPA,1.56,2.22,0.01,0.51,0.01,0.58,0.01,0.04,0.0,0.0,0.0,0.0,0.0,0.0,0.0,0.0,0.0,0.0,0.0,0.0,,,,
1721153748.7831202,2096.0,1.9,1.78,5.0,14.7,12.43,0.98,KPA,1.56,2.22,0.01,0.51,0.01,0.58,0.01,0.04,0.0,0.0,0.0,0.0,0.0,0.0,0.0,0.0,0.0,0.0,0.0,0.0,,,,
1721153748.7912662,2100.0,1.9,1.78,5.0,14.7,12.43,0.98,KPA,1.56,2.22,0.01,0.51,0.01,0.58,0.01,0.04,0.0,0.0,0.0,0.0,0.0,0.0,0.0,0.0,0.0,0.0,0.0,0.0,,,,
1721153748.7918382,2100.0,1.9,1.78,5.0,14.7,12.43,0.98,KPA,1.56,2.22,0.01,0.51,0.01,0.58,0.01,0.04,0.0,0.0,0.0,0.0,0.0,0.0,0.0,0.0,0.0,0.0,0.0,0.0,,,,
1721153748.8012574,2100.0,1.9,1.78,5.0,14.7,12.53,0.98,KPA,1.56,2.22,0.01,0.51,0.01,0.58,0.01,0.04,0.0,0.0,0.0,0.0,0.0,0.0,0.0,0.0,0.0,0.0,0.0,0.0,,,,
1721153748.8412473,2101.0,1.9,1.78,5.0,14.7,12.53,0.98,KPA,1.56,2.22,0.01,0.51,0.01,0.58,0.01,0.04,0.0,0.0,0.0,0.0,0.0,0.0,0.0,0.0,0.0,0.0,0.0,0.0,,,,
1721153748.8512309,2101.0,1.9,1.78,5.0,14.7,12.49,0.98,KPA,1.56,2.22,0.01,0.51,0.01,0.58,0.01,0.04,0.0,0.0,0.0,0.0,0.0,0.0,0.0,0.0,0.0,0.0,0.0,0.0,,,,
1721153748.8612509,2101.0,1.9,1.78,5.0,14.7,12.49,0.98,KPA,1.55,2.22,0.01,0.51,0.01,0.58,0.01,0.04,0.0,0.0,0.0,0.0,0.0,0.0,0.0,0.0,0.0,0.0,0.0,0.0,,,,
1721153748.8712673,2101.0,1.9,1.78,5.0,14.7,12.49,0.98,KPA,1.55,2.22,0.01,0.51,0.01,0.58,0.01,0.04,0.0,0.0,0.0,0.0,0.0,0.0,0.0,0.0,0.0,0.0,0.0,0.0,,,,
1721153748.8812582,2101.0,1.9,1.78,5.0,14.7,12.49,0.98,KPA,1.55,2.22,0.01,0.51,0.01,0.58,0.01,0.04,0.0,0.0,0.0,0.0,0.0,0.0,0.0,0.0,0.0,0.0,0.0,0.0,,,,
1721153748.8818324,2101.0,1.9,1.78,5.0,14.7,12.49,0.98,KPA,1.55,2.22,0.01,0.51,0.01,0.58,0.01,0.04,0.0,0.0,0.0,0.0,0.0,0.0,0.0,0.0,0.0,0.0,0.0,0.0,,,,
1721153748.8912396,2140.0,2.0,1.79,5.0,14.7,12.49,0.98,KPA,1.55,2.22,0.01,0.51,0.01,0.58,0.01,0.04,0.0,0.0,0.0,0.0,0.0,0.0,0.0,0.0,0.0,0.0,0.0,0.0,,,,
1721153748.8918128,2140.0,2.0,1.79,5.0,14.7,12.49,0.98,KPA,1.55,2.22,0.01,0.51,0.01,0.58,0.01,0.04,0.0,0.0,0.0,0.0,0.0,0.0,0.0,0.0,0.0,0.0,0.0,0.0,,,,
1721153748.9012291,2140.0,2.0,1.79,5.0,14.7,12.6,0.98,KPA,1.55,2.22,0.01,0.51,0.01,0.58,0.01,0.04,0.0,0.0,0.0,0.0,0.0,0.0,0.0,0.0,0.0,0.0,0.0,0.0,,,,
1721153748.9412415,2079.0,1.9,1.78,5.0,14.7,12.6,0.98,KPA,1.55,2.22,0.01,0.51,0.01,0.58,0.01,0.04,0.0,0.0,0.0,0.0,0.0,0.0,0.0,0.0,0.0,0.0,0.0,0.0,,,,
1721153748.9512239,2079.0,1.9,1.78,5.0,14.7,12.51,0.98,KPA,1.55,2.22,0.01,0.51,0.01,0.58,0.01,0.04,0.0,0.0,0.0,0.0,0.0,0.0,0.0,0.0,0.0,0.0,0.0,0.0,,,,
1721153748.9612157,2079.0,1.9,1.78,5.0,14.7,12.51,0.98,KPA,1.51,2.22,0.01,0.51,0.01,0.58,0.01,0.04,0.0,0.0,0.0,0.0,0.0,0.0,0.0,0.0,0.0,0.0,0.0,0.0,,,,
1721153748.9712312,2079.0,1.9,1.78,5.0,14.7,12.51,0.98,KPA,1.51,2.22,0.01,0.51,0.01,0.58,0.01,0.04,0.0,0.0,0.0,0.0,0.0,0.0,0.0,0.0,0.0,0.0,0.0,0.0,,,,
1721153748.9812453,2079.0,1.9,1.78,5.0,14.7,12.51,0.98,KPA,1.51,2.22,0.01,0.51,0.01,0.58,0.01,0.04,0.0,0.0,0.0,0.0,0.0,0.0,0.0,0.0,0.0,0.0,0.0,0.0,,,,
1721153748.981826,2079.0,1.9,1.78,5.0,14.7,12.51,0.98,KPA,1.51,2.22,0.01,0.51,0.01,0.58,0.01,0.04,0.0,0.0,0.0,0.0,0.0,0.0,0.0,0.0,0.0,0.0,0.0,0.0,,,,
1721153748.9912372,2072.0,2.0,1.78,5.0,14.7,12.51,0.98,KPA,1.51,2.22,0.01,0.51,0.01,0.58,0.01,0.04,0.0,0.0,0.0,0.0,0.0,0.0,0.0,0.0,0.0,0.0,0.0,0.0,,,,
1721153748.9918149,2072.0,2.0,1.78,5.0,14.7,12.51,0.98,KPA,1.51,2.22,0.01,0.51,0.01,0.58,0.01,0.04,0.0,0.0,0.0,0.0,0.0,0.0,0.0,0.0,0.0,0.0,0.0,0.0,,,,
1721153749.001224,2072.0,2.0,1.78,5.0,14.7,12.61,0.98,KPA,1.51,2.22,0.01,0.51,0.01,0.58,0.01,0.04,0.0,0.0,0.0,0.0,0.0,0.0,0.0,0.0,0.0,0.0,0.0,0.0,,,,
1721153749.041278,2095.0,1.9,1.79,5.9,14.7,12.61,0.98,KPA,1.51,2.22,0.01,0.51,0.01,0.58,0.01,0.04,0.0,0.0,0.0,0.0,0.0,0.0,0.0,0.0,0.0,0.0,0.0,0.0,,,,
1721153749.0512173,2095.0,1.9,1.79,5.9,14.7,12.52,0.98,KPA,1.51,2.22,0.01,0.51,0.01,0.58,0.01,0.04,0.0,0.0,0.0,0.0,0.0,0.0,0.0,0.0,0.0,0.0,0.0,0.0,,,,
1721153749.0612392,2095.0,1.9,1.79,5.9,14.7,12.52,0.98,KPA,1.56,2.22,0.01,0.51,0.01,0.58,0.01,0.04,0.0,0.0,0.0,0.0,0.0,0.0,0.0,0.0,0.0,0.0,0.0,0.0,,,,
1721153749.0712416,2095.0,1.9,1.79,5.9,14.7,12.52,0.98,KPA,1.56,2.22,0.01,0.51,0.01,0.57,0.01,0.04,0.0,0.0,0.0,0.0,0.0,0.0,0.0,0.0,0.0,0.0,0.0,0.0,,,,
1721153749.0812438,2095.0,1.9,1.79,5.9,14.7,12.52,0.98,KPA,1.56,2.22,0.01,0.51,0.01,0.57,0.01,0.04,0.0,0.0,0.0,0.0,0.0,0.0,0.0,0.0,0.0,0.0,0.0,0.0,,,,
1721153749.0818284,2095.0,1.9,1.79,5.9,14.7,12.52,0.98,KPA,1.56,2.22,0.01,0.51,0.01,0.57,0.01,0.04,0.0,0.0,0.0,0.0,0.0,0.0,0.0,0.0,0.0,0.0,0.0,0.0,,,,
1721153749.0912287,2079.0,1.9,1.79,5.9,14.7,12.52,0.98,KPA,1.56,2.22,0.01,0.51,0.01,0.57,0.01,0.04,0.0,0.0,0.0,0.0,0.0,0.0,0.0,0.0,0.0,0.0,0.0,0.0,,,,
1721153749.0918107,2079.0,1.9,1.79,5.9,14.7,12.52,0.98,KPA,1.56,2.22,0.01,0.51,0.01,0.57,0.01,0.04,0.0,0.0,0.0,0.0,0.0,0.0,0.0,0.0,0.0,0.0,0.0,0.0,,,,
1721153749.1012177,2079.0,1.9,1.79,5.9,14.7,12.69,0.98,KPA,1.56,2.22,0.01,0.51,0.01,0.57,0.01,0.04,0.0,0.0,0.0,0.0,0.0,0.0,0.0,0.0,0.0,0.0,0.0,0.0,,,,
1721153749.1112077,2079.0,1.9,1.79,5.9,14.7,12.69,0.98,KPA,1.56,2.22,0.01,0.51,0.01,0.57,0.01,0.04,0.0,0.0,0.0,0.0,0.0,0.0,0.0,0.0,0.0,0.0,0.0,0.0,13.9,106.0,199.6,C
1721153749.141255,2036.0,1.9,1.78,5.9,14.7,12.69,0.98,KPA,1.56,2.22,0.01,0.51,0.01,0.57,0.01,0.04,0.0,0.0,0.0,0.0,0.0,0.0,0.0,0.0,0.0,0.0,0.0,0.0,13.9,106.0,199.6,C
1721153749.1512427,2036.0,1.9,1.78,5.9,14.7,12.57,0.98,KPA,1.56,2.22,0.01,0.51,0.01,0.57,0.01,0.04,0.0,0.0,0.0,0.0,0.0,0.0,0.0,0.0,0.0,0.0,0.0,0.0,13.9,106.0,199.6,C
1721153749.1612291,2036.0,1.9,1.78,5.9,14.7,12.57,0.98,KPA,1.47,2.22,0.01,0.51,0.01,0.57,0.01,0.04,0.0,0.0,0.0,0.0,0.0,0.0,0.0,0.0,0.0,0.0,0.0,0.0,13.9,106.0,199.6,C
1721153749.1712248,2036.0,1.9,1.78,5.9,14.7,12.57,0.98,KPA,1.47,2.22,0.01,0.51,0.01,0.58,0.01,0.04,0.0,0.0,0.0,0.0,0.0,0.0,0.0,0.0,0.0,0.0,0.0,0.0,13.9,106.0,199.6,C
1721153749.1812491,2036.0,1.9,1.78,5.9,14.7,12.57,0.98,KPA,1.47,2.22,0.01,0.51,0.01,0.58,0.01,0.04,0.0,0.0,0.0,0.0,0.0,0.0,0.0,0.0,0.0,0.0,0.0,0.0,13.9,106.0,199.6,C
1721153749.181829,2036.0,1.9,1.78,5.9,14.7,12.57,0.98,KPA,1.47,2.22,0.01,0.51,0.01,0.58,0.01,0.04,0.0,0.0,0.0,0.0,0.0,0.0,0.0,0.0,0.0,0.0,0.0,0.0,13.9,106.0,199.6,C
1721153749.1912143,2042.0,2.0,1.77,9.2,14.7,12.57,0.98,KPA,1.47,2.22,0.01,0.51,0.01,0.58,0.01,0.04,0.0,0.0,0.0,0.0,0.0,0.0,0.0,0.0,0.0,0.0,0.0,0.0,13.9,106.0,199.6,C
1721153749.1917932,2042.0,2.0,1.77,9.2,14.7,12.57,0.98,KPA,1.47,2.22,0.01,0.51,0.01,0.58,0.01,0.04,0.0,0.0,0.0,0.0,0.0,0.0,0.0,0.0,0.0,0.0,0.0,0.0,13.9,106.0,199.6,C
1721153749.2012167,2042.0,2.0,1.77,9.2,14.7,12.63,0.98,KPA,1.47,2.22,0.01,0.51,0.01,0.58,0.01,0.04,0.0,0.0,0.0,0.0,0.0,0.0,0.0,0.0,0.0,0.0,0.0,0.0,13.9,106.0,199.6,C
1721153749.2412348,2076.0,1.9,1.78,9.2,14.7,12.63,0.98,KPA,1.47,2.22,0.01,0.51,0.01,0.58,0.01,0.04,0.0,0.0,0.0,0.0,0.0,0.0,0.0,0.0,0.0,0.0,0.0,0.0,13.9,106.0,199.6,C
1721153749.2512126,2076.0,1.9,1.78,9.2,14.7,12.75,0.98,KPA,1.47,2.22,0.01,0.51,0.01,0.58,0.01,0.04,0.0,0.0,0.0,0.0,0.0,0.0,0.0,0.0,0.0,0.0,0.0,0.0,13.9,106.0,199.6,C
1721153749.261213,2076.0,1.9,1.78,9.2,14.7,12.75,0.98,KPA,1.5,2.22,0.01,0.51,0.01,0.58,0.01,0.04,0.0,0.0,0.0,0.0,0.0,0.0,0.0,0.0,0.0,0.0,0.0,0.0,13.9,106.0,199.6,C
1721153749.2712176,2076.0,1.9,1.78,9.2,14.7,12.75,0.98,KPA,1.5,2.22,0.01,0.51,0.01,0.58,0.01,0.04,0.0,0.0,0.0,0.0,0.0,0.0,0.0,0.0,0.0,0.0,0.0,0.0,13.9,106.0,199.6,C
1721153749.2812397,2076.0,1.9,1.78,9.2,14.7,12.75,0.98,KPA,1.5,2.22,0.01,0.51,0.01,0.58,0.01,0.04,0.0,0.0,0.0,0.0,0.0,0.0,0.0,0.0,0.0,0.0,0.0,0.0,13.9,106.0,199.6,C
1721153749.2818198,2076.0,1.9,1.78,9.2,14.7,12.75,0.98,KPA,1.5,2.22,0.01,0.51,0.01,0.58,0.01,0.04,0.0,0.0,0.0,0.0,0.0,0.0,0.0,0.0,0.0,0.0,0.0,0.0,13.9,106.0,199.6,C
1721153749.2912142,2014.0,1.9,1.77,9.2,14.7,12.75,0.98,KPA,1.5,2.22,0.01,0.51,0.01,0.58,0.01,0.04,0.0,0.0,0.0,0.0,0.0,0.0,0.0,0.0,0.0,0.0,0.0,0.0,13.9,106.0,199.6,C
1721153749.2918,2014.0,1.9,1.77,9.2,14.7,12.75,0.98,KPA,1.5,2.22,0.01,0.51,0.01,0.58,0.01,0.04,0.0,0.0,0.0,0.0,0.0,0.0,0.0,0.0,0.0,0.0,0.0,0.0,13.9,106.0,199.6,C
1721153749.3012147,2014.0,1.9,1.77,9.2,14.7,12.61,0.98,KPA,1.5,2.22,0.01,0.51,0.01,0.58,0.01,0.04,0.0,0.0,0.0,0.0,0.0,0.0,0.0,0.0,0.0,0.0,0.0,0.0,13.9,106.0,199.6,C
1721153749.3412178,2054.0,1.9,1.77,9.2,14.7,12.61,0.98,KPA,1.5,2.22,0.01,0.51,0.01,0.58,0.01,0.04,0.0,0.0,0.0,0.0,0.0,0.0,0.0,0.0,0.0,0.0,0.0,0.0,13.9,106.0,199.6,C
1721153749.3512099,2054.0,1.9,1.77,9.2,14.7,12.71,0.98,KPA,1.5,2.22,0.01,0.51,0.01,0.58,0.01,0.04,0.0,0.0,0.0,0.0,0.0,0.0,0.0,0.0,0.0,0.0,0.0,0.0,13.9,106.0,199.6,C
1721153749.3612094,2054.0,1.9,1.77,9.2,14.7,12.71,0.98,KPA,1.52,2.22,0.01,0.51,0.01,0.58,0.01,0.04,0.0,0.0,0.0,0.0,0.0,0.0,0.0,0.0,0.0,0.0,0.0,0.0,13.9,106.0,199.6,C
1721153749.3712387,2054.0,1.9,1.77,9.2,14.7,12.71,0.98,KPA,1.52,2.22,0.01,0.51,0.01,0.57,0.01,0.04,0.0,0.0,0.0,0.0,0.0,0.0,0.0,0.0,0.0,0.0,0.0,0.0,13.9,106.0,199.6,C
1721153749.3812304,2054.0,1.9,1.77,9.2,14.7,12.71,0.98,KPA,1.52,2.22,0.01,0.51,0.01,0.57,0.01,0.04,0.0,0.0,0.0,0.0,0.0,0.0,0.0,0.0,0.0,0.0,0.0,0.0,13.9,106.0,199.6,C
1721153749.3818064,2054.0,1.9,1.77,9.2,14.7,12.71,0.98,KPA,1.52,2.22,0.01,0.51,0.01,0.57,0.01,0.04,0.0,0.0,0.0,0.0,0.0,0.0,0.0,0.0,0.0,0.0,0.0,0.0,13.9,106.0,199.6,C
1721153749.3912053,2022.0,2.0,1.77,6.6,14.7,12.71,0.98,KPA,1.52,2.22,0.01,0.51,0.01,0.57,0.01,0.04,0.0,0.0,0.0,0.0,0.0,0.0,0.0,0.0,0.0,0.0,0.0,0.0,13.9,106.0,199.6,C
1721153749.3917909,2022.0,2.0,1.77,6.6,14.7,12.71,0.98,KPA,1.52,2.22,0.01,0.51,0.01,0.57,0.01,0.04,0.0,0.0,0.0,0.0,0.0,0.0,0.0,0.0,0.0,0.0,0.0,0.0,13.9,106.0,199.6,C
1721153749.4012163,2022.0,2.0,1.77,6.6,14.7,12.77,0.98,KPA,1.52,2.22,0.01,0.51,0.01,0.57,0.01,0.04,0.0,0.0,0.0,0.0,0.0,0.0,0.0,0.0,0.0,0.0,0.0,0.0,13.9,106.0,199.6,C
1721153749.4412262,1986.0,2.0,1.77,6.6,14.7,12.77,0.98,KPA,1.52,2.22,0.01,0.51,0.01,0.57,0.01,0.04,0.0,0.0,0.0,0.0,0.0,0.0,0.0,0.0,0.0,0.0,0.0,0.0,13.9,106.0,199.6,C
1721153749.4512181,1986.0,2.0,1.77,6.6,14.7,12.56,0.98,KPA,1.52,2.22,0.01,0.51,0.01,0.57,0.01,0.04,0.0,0.0,0.0,0.0,0.0,0.0,0.0,0.0,0.0,0.0,0.0,0.0,13.9,106.0,199.6,C
1721153749.4612103,1986.0,2.0,1.77,6.6,14.7,12.56,0.98,KPA,1.49,2.22,0.01,0.51,0.01,0.57,0.01,0.04,0.0,0.0,0.0,0.0,0.0,0.0,0.0,0.0,0.0,0.0,0.0,0.0,13.9,106.0,199.6,C
1721153749.4712272,1986.0,2.0,1.77,6.6,14.7,12.56,0.98,KPA,1.49,2.22,0.01,0.51,0.01,0.58,0.01,0.04,0.0,0.0,0.0,0.0,0.0,0.0,0.0,0.0,0.0,0.0,0.0,0.0,13.9,106.0,199.6,C
1721153749.4812322,1986.0,2.0,1.77,6.6,14.7,12.56,0.98,KPA,1.49,2.22,0.01,0.51,0.01,0.58,0.01,0.04,0.0,0.0,0.0,0.0,0.0,0.0,0.0,0.0,0.0,0.0,0.0,0.0,13.9,106.0,199.6,C
1721153749.4818099,1986.0,2.0,1.77,6.6,14.7,12.56,0.98,KPA,1.49,2.22,0.01,0.51,0.01,0.58,0.01,0.04,0.0,0.0,0.0,0.0,0.0,0.0,0.0,0.0,0.0,0.0,0.0,0.0,13.9,106.0,199.6,C
1721153749.4912233,2060.0,1.9,1.78,6.6,14.7,12.56,0.98,KPA,1.49,2.22,0.01,0.51,0.01,0.58,0.01,0.04,0.0,0.0,0.0,0.0,0.0,0.0,0.0,0.0,0.0,0.0,0.0,0.0,13.9,106.0,199.6,C
1721153749.4917977,2060.0,1.9,1.78,6.6,14.7,12.56,0.98,KPA,1.49,2.22,0.01,0.51,0.01,0.58,0.01,0.04,0.0,0.0,0.0,0.0,0.0,0.0,0.0,0.0,0.0,0.0,0.0,0.0,13.9,106.0,199.6,C
1721153749.5012171,2060.0,1.9,1.78,6.6,14.7,12.8,0.98,KPA,1.49,2.22,0.01,0.51,0.01,0.58,0.01,0.04,0.0,0.0,0.0,0.0,0.0,0.0,0.0,0.0,0.0,0.0,0.0,0.0,13.9,106.0,199.6,C
1721153749.5412204,2058.0,2.0,1.78,6.6,14.7,12.8,0.98,KPA,1.49,2.22,0.01,0.51,0.01,0.58,0.01,0.04,0.0,0.0,0.0,0.0,0.0,0.0,0.0,0.0,0.0,0.0,0.0,0.0,13.9,106.0,199.6,C
1721153749.5511992,2058.0,2.0,1.78,6.6,14.7,12.71,0.98,KPA,1.49,2.22,0.01,0.51,0.01,0.58,0.01,0.04,0.0,0.0,0.0,0.0,0.0,0.0,0.0,0.0,0.0,0.0,0.0,0.0,13.9,106.0,199.6,C
1721153749.5612164,2058.0,2.0,1.78,6.6,14.7,12.71,0.98,KPA,1.47,2.22,0.01,0.51,0.01,0.58,0.01,0.04,0.0,0.0,0.0,0.0,0.0,0.0,0.0,0.0,0.0,0.0,0.0,0.0,13.9,106.0,199.6,C
1721153749.5712292,2058.0,2.0,1.78,6.6,14.7,12.71,0.98,KPA,1.47,2.22,0.01,0.51,0.01,0.57,0.01,0.04,0.0,0.0,0.0,0.0,0.0,0.0,0.0,0.0,0.0,0.0,0.0,0.0,13.9,106.0,199.6,C
1721153749.5812402,2058.0,2.0,1.78,6.6,14.7,12.71,0.98,KPA,1.47,2.22,0.01,0.51,0.01,0.57,0.01,0.04,0.0,0.0,0.0,0.0,0.0,0.0,0.0,0.0,0.0,0.0,0.0,0.0,13.9,106.0,199.6,C
1721153749.5818079,2058.0,2.0,1.78,6.6,14.7,12.71,0.98,KPA,1.47,2.22,0.01,0.51,0.01,0.57,0.01,0.04,0.0,0.0,0.0,0.0,0.0,0.0,0.0,0.0,0.0,0.0,0.0,0.0,13.9,106.0,199.6,C
1721153749.5912251,1941.0,2.0,1.77,6.4,14.7,12.71,0.98,KPA,1.47,2.22,0.01,0.51,0.01,0.57,0.01,0.04,0.0,0.0,0.0,0.0,0.0,0.0,0.0,0.0,0.0,0.0,0.0,0.0,13.9,106.0,199.6,C
1721153749.5917997,1941.0,2.0,1.77,6.4,14.7,12.71,0.98,KPA,1.47,2.22,0.01,0.51,0.01,0.57,0.01,0.04,0.0,0.0,0.0,0.0,0.0,0.0,0.0,0.0,0.0,0.0,0.0,0.0,13.9,106.0,199.6,C
1721153749.6012204,1941.0,2.0,1.77,6.4,14.7,12.49,0.98,KPA,1.47,2.22,0.01,0.51,0.01,0.57,0.01,0.04,0.0,0.0,0.0,0.0,0.0,0.0,0.0,0.0,0.0,0.0,0.0,0.0,13.9,106.0,199.6,C
1721153749.6412225,1932.0,2.0,1.77,6.4,14.7,12.49,0.98,KPA,1.47,2.22,0.01,0.51,0.01,0.57,0.01,0.04,0.0,0.0,0.0,0.0,0.0,0.0,0.0,0.0,0.0,0.0,0.0,0.0,13.9,106.0,199.6,C
1721153749.6512077,1932.0,2.0,1.77,6.4,14.7,12.67,0.98,KPA,1.47,2.22,0.01,0.51,0.01,0.57,0.01,0.04,0.0,0.0,0.0,0.0,0.0,0.0,0.0,0.0,0.0,0.0,0.0,0.0,13.9,106.0,199.6,C
1721153749.6612105,1932.0,2.0,1.77,6.4,14.7,12.67,0.98,KPA,1.53,2.22,0.01,0.51,0.01,0.57,0.01,0.04,0.0,0.0,0.0,0.0,0.0,0.0,0.0,0.0,0.0,0.0,0.0,0.0,13.9,106.0,199.6,C
1721153749.6712036,1932.0,2.0,1.77,6.4,14.7,12.67,0.98,KPA,1.53,2.22,0.01,0.51,0.01,0.58,0.01,0.04,0.0,0.0,0.0,0.0,0.0,0.0,0.0,0.0,0.0,0.0,0.0,0.0,13.9,106.0,199.6,C
1721153749.681217,1932.0,2.0,1.77,6.4,14.7,12.67,0.98,KPA,1.53,2.22,0.01,0.51,0.01,0.58,0.01,0.04,0.0,0.0,0.0,0.0,0.0,0.0,0.0,0.0,0.0,0.0,0.0,0.0,13.9,106.0,199.6,C
1721153749.6818001,1932.0,2.0,1.77,6.4,14.7,12.67,0.98,KPA,1.53,2.22,0.01,0.51,0.01,0.58,0.01,0.04,0.0,0.0,0.0,0.0,0.0,0.0,0.0,0.0,0.0,0.0,0.0,0.0,13.9,106.0,199.6,C
1721153749.6911983,2028.0,2.0,1.78,6.4,14.7,12.67,0.98,KPA,1.53,2.22,0.01,0.51,0.01,0.58,0.01,0.04,0.0,0.0,0.0,0.0,0.0,0.0,0.0,0.0,0.0,0.0,0.0,0.0,13.9,106.0,199.6,C
1721153749.6917808,2028.0,2.0,1.78,6.4,14.7,12.67,0.98,KPA,1.53,2.22,0.01,0.51,0.01,0.58,0.01,0.04,0.0,0.0,0.0,0.0,0.0,0.0,0.0,0.0,0.0,0.0,0.0,0.0,13.9,106.0,199.6,C
1721153749.7011912,2028.0,2.0,1.78,6.4,14.7,12.91,0.98,KPA,1.53,2.22,0.01,0.51,0.01,0.58,0.01,0.04,0.0,0.0,0.0,0.0,0.0,0.0,0.0,0.0,0.0,0.0,0.0,0.0,13.9,106.0,199.6,C
1721153749.7412286,1888.0,2.0,1.78,8.3,14.7,12.91,0.98,KPA,1.53,2.22,0.01,0.51,0.01,0.58,0.01,0.04,0.0,0.0,0.0,0.0,0.0,0.0,0.0,0.0,0.0,0.0,0.0,0.0,13.9,106.0,199.6,C
1721153749.7512047,1888.0,2.0,1.78,8.3,14.7,12.61,0.98,KPA,1.53,2.22,0.01,0.51,0.01,0.58,0.01,0.04,0.0,0.0,0.0,0.0,0.0,0.0,0.0,0.0,0.0,0.0,0.0,0.0,13.9,106.0,199.6,C
1721153749.7611918,1888.0,2.0,1.78,8.3,14.7,12.61,0.98,KPA,1.46,2.22,0.01,0.51,0.01,0.58,0.01,0.04,0.0,0.0,0.0,0.0,0.0,0.0,0.0,0.0,0.0,0.0,0.0,0.0,13.9,106.0,199.6,C
1721153749.7712066,1888.0,2.0,1.78,8.3,14.7,12.61,0.98,KPA,1.46,2.22,0.01,0.51,0.01,0.57,0.01,0.04,0.0,0.0,0.0,0.0,0.0,0.0,0.0,0.0,0.0,0.0,0.0,0.0,13.9,106.0,199.6,C
1721153749.7812102,1888.0,2.0,1.78,8.3,14.7,12.61,0.98,KPA,1.46,2.22,0.01,0.51,0.01,0.57,0.01,0.04,0.0,0.0,0.0,0.0,0.0,0.0,0.0,0.0,0.0,0.0,0.0,0.0,13.9,106.0,199.6,C
1721153749.7817955,1888.0,2.0,1.78,8.3,14.7,12.61,0.98,KPA,1.46,2.22,0.01,0.51,0.01,0.57,0.01,0.04,0.0,0.0,0.0,0.0,0.0,0.0,0.0,0.0,0.0,0.0,0.0,0.0,13.9,106.0,199.6,C
1721153749.7911944,1921.0,2.0,1.77,8.3,14.7,12.61,0.98,KPA,1.46,2.22,0.01,0.51,0.01,0.57,0.01,0.04,0.0,0.0,0.0,0.0,0.0,0.0,0.0,0.0,0.0,0.0,0.0,0.0,13.9,106.0,199.6,C
1721153749.7917778,1921.0,2.0,1.77,8.3,14.7,12.61,0.98,KPA,1.46,2.22,0.01,0.51,0.01,0.57,0.01,0.04,0.0,0.0,0.0,0.0,0.0,0.0,0.0,0.0,0.0,0.0,0.0,0.0,13.9,106.0,199.6,C
1721153749.801193,1921.0,2.0,1.77,8.3,14.7,12.65,0.98,KPA,1.46,2.22,0.01,0.51,0.01,0.57,0.01,0.04,0.0,0.0,0.0,0.0,0.0,0.0,0.0,0.0,0.0,0.0,0.0,0.0,13.9,106.0,199.6,C
1721153749.8411803,1954.0,1.9,1.77,8.3,14.7,12.65,0.98,KPA,1.46,2.22,0.01,0.51,0.01,0.57,0.01,0.04,0.0,0.0,0.0,0.0,0.0,0.0,0.0,0.0,0.0,0.0,0.0,0.0,13.9,106.0,199.6,C
1721153749.8529208,1954.0,1.9,1.77,8.3,14.7,12.72,0.98,KPA,1.46,2.22,0.01,0.51,0.01,0.57,0.01,0.04,0.0,0.0,0.0,0.0,0.0,0.0,0.0,0.0,0.0,0.0,0.0,0.0,13.9,106.0,199.6,C
1721153749.8611765,1954.0,1.9,1.77,8.3,14.7,12.72,0.98,KPA,1.45,2.22,0.01,0.51,0.01,0.57,0.01,0.04,0.0,0.0,0.0,0.0,0.0,0.0,0.0,0.0,0.0,0.0,0.0,0.0,13.9,106.0,199.6,C
1721153749.8711858,1954.0,1.9,1.77,8.3,14.7,12.72,0.98,KPA,1.45,2.22,0.01,0.51,0.01,0.58,0.01,0.04,0.0,0.0,0.0,0.0,0.0,0.0,0.0,0.0,0.0,0.0,0.0,0.0,13.9,106.0,199.6,C
1721153749.8812099,1954.0,1.9,1.77,8.3,14.7,12.72,0.98,KPA,1.45,2.22,0.01,0.51,0.01,0.58,0.01,0.04,0.0,0.0,0.0,0.0,0.0,0.0,0.0,0.0,0.0,0.0,0.0,0.0,13.9,106.0,199.6,C
1721153749.8817983,1954.0,1.9,1.77,8.3,14.7,12.72,0.98,KPA,1.45,2.22,0.01,0.51,0.01,0.58,0.01,0.04,0.0,0.0,0.0,0.0,0.0,0.0,0.0,0.0,0.0,0.0,0.0,0.0,13.9,106.0,199.6,C
1721153749.891185,1899.0,1.9,1.77,8.3,14.7,12.72,0.98,KPA,1.45,2.22,0.01,0.51,0.01,0.58,0.01,0.04,0.0,0.0,0.0,0.0,0.0,0.0,0.0,0.0,0.0,0.0,0.0,0.0,13.9,106.0,199.6,C
1721153749.89177,1899.0,1.9,1.77,8.3,14.7,12.72,0.98,KPA,1.45,2.22,0.01,0.51,0.01,0.58,0.01,0.04,0.0,0.0,0.0,0.0,0.0,0.0,0.0,0.0,0.0,0.0,0.0,0.0,13.9,106.0,199.6,C
1721153749.9011853,1899.0,1.9,1.77,8.3,14.7,12.68,0.98,KPA,1.45,2.22,0.01,0.51,0.01,0.58,0.01,0.04,0.0,0.0,0.0,0.0,0.0,0.0,0.0,0.0,0.0,0.0,0.0,0.0,13.9,106.0,199.6,C
1721153749.941198,1878.0,1.9,1.77,12.0,14.7,12.68,0.98,KPA,1.45,2.22,0.01,0.51,0.01,0.58,0.01,0.04,0.0,0.0,0.0,0.0,0.0,0.0,0.0,0.0,0.0,0.0,0.0,0.0,13.9,106.0,199.6,C
1721153749.951189,1878.0,1.9,1.77,12.0,14.7,12.87,0.98,KPA,1.45,2.22,0.01,0.51,0.01,0.58,0.01,0.04,0.0,0.0,0.0,0.0,0.0,0.0,0.0,0.0,0.0,0.0,0.0,0.0,13.9,106.0,199.6,C
1721153749.9611855,1878.0,1.9,1.77,12.0,14.7,12.87,0.98,KPA,1.48,2.22,0.01,0.51,0.01,0.58,0.01,0.04,0.0,0.0,0.0,0.0,0.0,0.0,0.0,0.0,0.0,0.0,0.0,0.0,13.9,106.0,199.6,C
1721153749.9711857,1878.0,1.9,1.77,12.0,14.7,12.87,0.98,KPA,1.48,2.22,0.01,0.51,0.01,0.58,0.01,0.04,0.0,0.0,0.0,0.0,0.0,0.0,0.0,0.0,0.0,0.0,0.0,0.0,13.9,106.0,199.6,C
1721153749.9812057,1878.0,1.9,1.77,12.0,14.7,12.87,0.98,KPA,1.48,2.22,0.01,0.51,0.01,0.58,0.01,0.04,0.0,0.0,0.0,0.0,0.0,0.0,0.0,0.0,0.0,0.0,0.0,0.0,13.9,106.0,199.6,C
1721153749.9817905,1878.0,1.9,1.77,12.0,14.7,12.87,0.98,KPA,1.48,2.22,0.01,0.51,0.01,0.58,0.01,0.04,0.0,0.0,0.0,0.0,0.0,0.0,0.0,0.0,0.0,0.0,0.0,0.0,13.9,106.0,199.6,C
1721153749.99119,2030.0,1.9,1.78,12.0,14.7,12.87,0.98,KPA,1.48,2.22,0.01,0.51,0.01,0.58,0.01,0.04,0.0,0.0,0.0,0.0,0.0,0.0,0.0,0.0,0.0,0.0,0.0,0.0,13.9,106.0,199.6,C
1721153749.991775,2030.0,1.9,1.78,12.0,14.7,12.87,0.98,KPA,1.48,2.22,0.01,0.51,0.01,0.58,0.01,0.04,0.0,0.0,0.0,0.0,0.0,0.0,0.0,0.0,0.0,0.0,0.0,0.0,13.9,106.0,199.6,C
1721153750.0011957,2030.0,1.9,1.78,12.0,14.7,12.65,0.98,KPA,1.48,2.22,0.01,0.51,0.01,0.58,0.01,0.04,0.0,0.0,0.0,0.0,0.0,0.0,0.0,0.0,0.0,0.0,0.0,0.0,13.9,106.0,199.6,C
1721153750.0411928,1868.0,2.0,1.77,12.0,14.7,12.65,0.98,KPA,1.48,2.22,0.01,0.51,0.01,0.58,0.01,0.04,0.0,0.0,0.0,0.0,0.0,0.0,0.0,0.0,0.0,0.0,0.0,0.0,13.9,106.0,199.6,C
1721153750.0511825,1868.0,2.0,1.77,12.0,14.7,12.51,0.98,KPA,1.48,2.22,0.01,0.51,0.01,0.58,0.01,0.04,0.0,0.0,0.0,0.0,0.0,0.0,0.0,0.0,0.0,0.0,0.0,0.0,13.9,106.0,199.6,C
1721153750.061204,1868.0,2.0,1.77,12.0,14.7,12.51,0.98,KPA,1.44,2.22,0.01,0.51,0.01,0.58,0.01,0.04,0.0,0.0,0.0,0.0,0.0,0.0,0.0,0.0,0.0,0.0,0.0,0.0,13.9,106.0,199.6,C
1721153750.0716207,1868.0,2.0,1.77,12.0,14.7,12.51,0.98,KPA,1.44,2.22,0.01,0.51,0.01,0.58,0.01,0.04,0.0,0.0,0.0,0.0,0.0,0.0,0.0,0.0,0.0,0.0,0.0,0.0,13.9,106.0,199.6,C
1721153750.081224,1868.0,2.0,1.77,12.0,14.7,12.51,0.98,KPA,1.44,2.22,0.01,0.51,0.01,0.58,0.01,0.04,0.0,0.0,0.0,0.0,0.0,0.0,0.0,0.0,0.0,0.0,0.0,0.0,13.9,106.0,199.6,C
1721153750.0817893,1868.0,2.0,1.77,12.0,14.7,12.51,0.98,KPA,1.44,2.22,0.01,0.51,0.01,0.58,0.01,0.04,0.0,0.0,0.0,0.0,0.0,0.0,0.0,0.0,0.0,0.0,0.0,0.0,13.9,106.0,199.6,C
1721153750.0912101,1865.0,2.0,1.77,12.0,14.7,12.51,0.98,KPA,1.44,2.22,0.01,0.51,0.01,0.58,0.01,0.04,0.0,0.0,0.0,0.0,0.0,0.0,0.0,0.0,0.0,0.0,0.0,0.0,13.9,106.0,199.6,C
1721153750.091788,1865.0,2.0,1.77,12.0,14.7,12.51,0.98,KPA,1.44,2.22,0.01,0.51,0.01,0.58,0.01,0.04,0.0,0.0,0.0,0.0,0.0,0.0,0.0,0.0,0.0,0.0,0.0,0.0,13.9,106.0,199.6,C
1721153750.1023955,1865.0,2.0,1.77,12.0,14.7,12.68,0.98,KPA,1.44,2.22,0.01,0.51,0.01,0.58,0.01,0.04,0.0,0.0,0.0,0.0,0.0,0.0,0.0,0.0,0.0,0.0,0.0,0.0,13.9,106.0,199.6,C
1721153750.1111827,1865.0,2.0,1.77,12.0,14.7,12.68,0.98,KPA,1.44,2.22,0.01,0.51,0.01,0.58,0.01,0.04,0.0,0.0,0.0,0.0,0.0,0.0,0.0,0.0,0.0,0.0,0.0,0.0,14.0,106.0,199.6,C
1721153750.141186,1968.0,2.0,1.78,13.3,14.7,12.68,0.98,KPA,1.44,2.22,0.01,0.51,0.01,0.58,0.01,0.04,0.0,0.0,0.0,0.0,0.0,0.0,0.0,0.0,0.0,0.0,0.0,0.0,14.0,106.0,199.6,C
1721153750.1511822,1968.0,2.0,1.78,13.3,14.7,12.71,0.98,KPA,1.44,2.22,0.01,0.51,0.01,0.58,0.01,0.04,0.0,0.0,0.0,0.0,0.0,0.0,0.0,0.0,0.0,0.0,0.0,0.0,14.0,106.0,199.6,C
1721153750.161169,1968.0,2.0,1.78,13.3,14.7,12.71,0.98,KPA,1.49,2.22,0.01,0.51,0.01,0.58,0.01,0.04,0.0,0.0,0.0,0.0,0.0,0.0,0.0,0.0,0.0,0.0,0.0,0.0,14.0,106.0,199.6,C
1721153750.171177,1968.0,2.0,1.78,13.3,14.7,12.71,0.98,KPA,1.49,2.22,0.01,0.51,0.01,0.58,0.01,0.04,0.0,0.0,0.0,0.0,0.0,0.0,0.0,0.0,0.0,0.0,0.0,0.0,14.0,106.0,199.6,C
1721153750.1812043,1968.0,2.0,1.78,13.3,14.7,12.71,0.98,KPA,1.49,2.22,0.01,0.51,0.01,0.58,0.01,0.04,0.0,0.0,0.0,0.0,0.0,0.0,0.0,0.0,0.0,0.0,0.0,0.0,14.0,106.0,199.6,C
1721153750.1817966,1968.0,2.0,1.78,13.3,14.7,12.71,0.98,KPA,1.49,2.22,0.01,0.51,0.01,0.58,0.01,0.04,0.0,0.0,0.0,0.0,0.0,0.0,0.0,0.0,0.0,0.0,0.0,0.0,14.0,106.0,199.6,C
1721153750.1911783,1911.0,2.0,1.77,13.3,14.7,12.71,0.98,KPA,1.49,2.22,0.01,0.51,0.01,0.58,0.01,0.04,0.0,0.0,0.0,0.0,0.0,0.0,0.0,0.0,0.0,0.0,0.0,0.0,14.0,106.0,199.6,C
1721153750.191766,1911.0,2.0,1.77,13.3,14.7,12.71,0.98,KPA,1.49,2.22,0.01,0.51,0.01,0.58,0.01,0.04,0.0,0.0,0.0,0.0,0.0,0.0,0.0,0.0,0.0,0.0,0.0,0.0,14.0,106.0,199.6,C
1721153750.2011878,1911.0,2.0,1.77,13.3,14.7,12.8,0.98,KPA,1.49,2.22,0.01,0.51,0.01,0.58,0.01,0.04,0.0,0.0,0.0,0.0,0.0,0.0,0.0,0.0,0.0,0.0,0.0,0.0,14.0,106.0,199.6,C
1721153750.2411976,1954.0,1.9,1.77,13.3,14.7,12.8,0.98,KPA,1.49,2.22,0.01,0.51,0.01,0.58,0.01,0.04,0.0,0.0,0.0,0.0,0.0,0.0,0.0,0.0,0.0,0.0,0.0,0.0,14.0,106.0,199.6,C
1721153750.251197,1954.0,1.9,1.77,13.3,14.7,12.67,0.98,KPA,1.49,2.22,0.01,0.51,0.01,0.58,0.01,0.04,0.0,0.0,0.0,0.0,0.0,0.0,0.0,0.0,0.0,0.0,0.0,0.0,14.0,106.0,199.6,C
1721153750.2611823,1954.0,1.9,1.77,13.3,14.7,12.67,0.98,KPA,1.53,2.22,0.01,0.51,0.01,0.58,0.01,0.04,0.0,0.0,0.0,0.0,0.0,0.0,0.0,0.0,0.0,0.0,0.0,0.0,14.0,106.0,199.6,C
1721153750.2711773,1954.0,1.9,1.77,13.3,14.7,12.67,0.98,KPA,1.53,2.22,0.01,0.51,0.01,0.58,0.01,0.04,0.0,0.0,0.0,0.0,0.0,0.0,0.0,0.0,0.0,0.0,0.0,0.0,14.0,106.0,199.6,C
1721153750.2812054,1954.0,1.9,1.77,13.3,14.7,12.67,0.98,KPA,1.53,2.22,0.01,0.51,0.01,0.58,0.01,0.04,0.0,0.0,0.0,0.0,0.0,0.0,0.0,0.0,0.0,0.0,0.0,0.0,14.0,106.0,199.6,C
1721153750.2817888,1954.0,1.9,1.77,13.3,14.7,12.67,0.98,KPA,1.53,2.22,0.01,0.51,0.01,0.58,0.01,0.04,0.0,0.0,0.0,0.0,0.0,0.0,0.0,0.0,0.0,0.0,0.0,0.0,14.0,106.0,199.6,C
1721153750.2911847,1985.0,2.0,1.78,9.9,14.7,12.67,0.98,KPA,1.53,2.22,0.01,0.51,0.01,0.58,0.01,0.04,0.0,0.0,0.0,0.0,0.0,0.0,0.0,0.0,0.0,0.0,0.0,0.0,14.0,106.0,199.6,C
1721153750.2917693,1985.0,2.0,1.78,9.9,14.7,12.67,0.98,KPA,1.53,2.22,0.01,0.51,0.01,0.58,0.01,0.04,0.0,0.0,0.0,0.0,0.0,0.0,0.0,0.0,0.0,0.0,0.0,0.0,14.0,106.0,199.6,C
1721153750.3011796,1985.0,2.0,1.78,9.9,14.7,12.53,0.98,KPA,1.53,2.22,0.01,0.51,0.01,0.58,0.01,0.04,0.0,0.0,0.0,0.0,0.0,0.0,0.0,0.0,0.0,0.0,0.0,0.0,14.0,106.0,199.6,C
1721153750.3411846,1982.0,1.9,1.77,9.9,14.7,12.53,0.98,KPA,1.53,2.22,0.01,0.51,0.01,0.58,0.01,0.04,0.0,0.0,0.0,0.0,0.0,0.0,0.0,0.0,0.0,0.0,0.0,0.0,14.0,106.0,199.6,C
1721153750.351176,1982.0,1.9,1.77,9.9,14.7,12.69,0.98,KPA,1.53,2.22,0.01,0.51,0.01,0.58,0.01,0.04,0.0,0.0,0.0,0.0,0.0,0.0,0.0,0.0,0.0,0.0,0.0,0.0,14.0,106.0,199.6,C
1721153750.3611612,1982.0,1.9,1.77,9.9,14.7,12.69,0.98,KPA,1.46,2.22,0.01,0.51,0.01,0.58,0.01,0.04,0.0,0.0,0.0,0.0,0.0,0.0,0.0,0.0,0.0,0.0,0.0,0.0,14.0,106.0,199.6,C
1721153750.3711734,1982.0,1.9,1.77,9.9,14.7,12.69,0.98,KPA,1.46,2.22,0.01,0.51,0.01,0.58,0.01,0.04,0.0,0.0,0.0,0.0,0.0,0.0,0.0,0.0,0.0,0.0,0.0,0.0,14.0,106.0,199.6,C
1721153750.3813832,1982.0,1.9,1.77,9.9,14.7,12.69,0.98,KPA,1.46,2.22,0.01,0.51,0.01,0.58,0.01,0.04,0.0,0.0,0.0,0.0,0.0,0.0,0.0,0.0,0.0,0.0,0.0,0.0,14.0,106.0,199.6,C
1721153750.381975,1982.0,1.9,1.77,9.9,14.7,12.69,0.98,KPA,1.46,2.22,0.01,0.51,0.01,0.58,0.01,0.04,0.0,0.0,0.0,0.0,0.0,0.0,0.0,0.0,0.0,0.0,0.0,0.0,14.0,106.0,199.6,C
1721153750.3911743,1846.0,2.0,1.77,9.9,14.7,12.69,0.98,KPA,1.46,2.22,0.01,0.51,0.01,0.58,0.01,0.04,0.0,0.0,0.0,0.0,0.0,0.0,0.0,0.0,0.0,0.0,0.0,0.0,14.0,106.0,199.6,C
1721153750.391763,1846.0,2.0,1.77,9.9,14.7,12.69,0.98,KPA,1.46,2.22,0.01,0.51,0.01,0.58,0.01,0.04,0.0,0.0,0.0,0.0,0.0,0.0,0.0,0.0,0.0,0.0,0.0,0.0,14.0,106.0,199.6,C
1721153750.4011695,1846.0,2.0,1.77,9.9,14.7,12.69,0.98,KPA,1.46,2.22,0.01,0.51,0.01,0.58,0.01,0.04,0.0,0.0,0.0,0.0,0.0,0.0,0.0,0.0,0.0,0.0,0.0,0.0,14.0,106.0,199.6,C
1721153750.4426508,2000.0,2.0,1.77,11.3,14.7,12.69,0.98,KPA,1.46,2.22,0.01,0.51,0.01,0.58,0.01,0.04,0.0,0.0,0.0,0.0,0.0,0.0,0.0,0.0,0.0,0.0,0.0,0.0,14.0,106.0,199.6,C
1721153750.4511747,2000.0,2.0,1.77,11.3,14.7,12.69,0.98,KPA,1.46,2.22,0.01,0.51,0.01,0.58,0.01,0.04,0.0,0.0,0.0,0.0,0.0,0.0,0.0,0.0,0.0,0.0,0.0,0.0,14.0,106.0,199.6,C
1721153750.4611626,2000.0,2.0,1.77,11.3,14.7,12.69,0.98,KPA,1.48,2.22,0.01,0.51,0.01,0.58,0.01,0.04,0.0,0.0,0.0,0.0,0.0,0.0,0.0,0.0,0.0,0.0,0.0,0.0,14.0,106.0,199.6,C
1721153750.472964,2000.0,2.0,1.77,11.3,14.7,12.69,0.98,KPA,1.48,2.22,0.01,0.51,0.01,0.58,0.01,0.04,0.0,0.0,0.0,0.0,0.0,0.0,0.0,0.0,0.0,0.0,0.0,0.0,14.0,106.0,199.6,C
1721153750.4811976,2000.0,2.0,1.77,11.3,14.7,12.69,0.98,KPA,1.48,2.22,0.01,0.51,0.01,0.58,0.01,0.04,0.0,0.0,0.0,0.0,0.0,0.0,0.0,0.0,0.0,0.0,0.0,0.0,14.0,106.0,199.6,C
1721153750.481783,2000.0,2.0,1.77,11.3,14.7,12.69,0.98,KPA,1.48,2.22,0.01,0.51,0.01,0.58,0.01,0.04,0.0,0.0,0.0,0.0,0.0,0.0,0.0,0.0,0.0,0.0,0.0,0.0,14.0,106.0,199.6,C
1721153750.491157,1979.0,1.9,1.77,11.3,14.7,12.69,0.98,KPA,1.48,2.22,0.01,0.51,0.01,0.58,0.01,0.04,0.0,0.0,0.0,0.0,0.0,0.0,0.0,0.0,0.0,0.0,0.0,0.0,14.0,106.0,199.6,C
1721153750.4917433,1979.0,1.9,1.77,11.3,14.7,12.69,0.98,KPA,1.48,2.22,0.01,0.51,0.01,0.58,0.01,0.04,0.0,0.0,0.0,0.0,0.0,0.0,0.0,0.0,0.0,0.0,0.0,0.0,14.0,106.0,199.6,C
1721153750.5011714,1979.0,1.9,1.77,11.3,14.7,12.56,0.98,KPA,1.48,2.22,0.01,0.51,0.01,0.58,0.01,0.04,0.0,0.0,0.0,0.0,0.0,0.0,0.0,0.0,0.0,0.0,0.0,0.0,14.0,106.0,199.6,C
1721153750.541157,1912.0,1.9,1.77,11.3,14.7,12.56,0.98,KPA,1.48,2.22,0.01,0.51,0.01,0.58,0.01,0.04,0.0,0.0,0.0,0.0,0.0,0.0,0.0,0.0,0.0,0.0,0.0,0.0,14.0,106.0,199.6,C
1721153750.5511663,1912.0,1.9,1.77,11.3,14.7,12.63,0.98,KPA,1.48,2.22,0.01,0.51,0.01,0.58,0.01,0.04,0.0,0.0,0.0,0.0,0.0,0.0,0.0,0.0,0.0,0.0,0.0,0.0,14.0,106.0,199.6,C
1721153750.5611575,1912.0,1.9,1.77,11.3,14.7,12.63,0.98,KPA,1.46,2.22,0.01,0.51,0.01,0.58,0.01,0.04,0.0,0.0,0.0,0.0,0.0,0.0,0.0,0.0,0.0,0.0,0.0,0.0,14.0,106.0,199.6,C
1721153750.5711913,1912.0,1.9,1.77,11.3,14.7,12.63,0.98,KPA,1.46,2.22,0.01,0.51,0.01,0.58,0.01,0.04,0.0,0.0,0.0,0.0,0.0,0.0,0.0,0.0,0.0,0.0,0.0,0.0,14.0,106.0,199.6,C
1721153750.581215,1912.0,1.9,1.77,11.3,14.7,12.63,0.98,KPA,1.46,2.22,0.01,0.51,0.01,0.58,0.01,0.04,0.0,0.0,0.0,0.0,0.0,0.0,0.0,0.0,0.0,0.0,0.0,0.0,14.0,106.0,199.6,C
1721153750.5817862,1912.0,1.9,1.77,11.3,14.7,12.63,0.98,KPA,1.46,2.22,0.01,0.51,0.01,0.58,0.01,0.04,0.0,0.0,0.0,0.0,0.0,0.0,0.0,0.0,0.0,0.0,0.0,0.0,14.0,106.0,199.6,C
1721153750.5911915,1915.0,1.9,1.77,11.3,14.7,12.63,0.98,KPA,1.46,2.22,0.01,0.51,0.01,0.58,0.01,0.04,0.0,0.0,0.0,0.0,0.0,0.0,0.0,0.0,0.0,0.0,0.0,0.0,14.0,106.0,199.6,C
1721153750.5917563,1915.0,1.9,1.77,11.3,14.7,12.63,0.98,KPA,1.46,2.22,0.01,0.51,0.01,0.58,0.01,0.04,0.0,0.0,0.0,0.0,0.0,0.0,0.0,0.0,0.0,0.0,0.0,0.0,14.0,106.0,199.6,C
1721153750.6011794,1915.0,1.9,1.77,11.3,14.7,12.8,0.98,KPA,1.46,2.22,0.01,0.51,0.01,0.58,0.01,0.04,0.0,0.0,0.0,0.0,0.0,0.0,0.0,0.0,0.0,0.0,0.0,0.0,14.0,106.0,199.6,C
1721153750.641175,1939.0,1.9,1.77,11.5,14.7,12.8,0.98,KPA,1.46,2.22,0.01,0.51,0.01,0.58,0.01,0.04,0.0,0.0,0.0,0.0,0.0,0.0,0.0,0.0,0.0,0.0,0.0,0.0,14.0,106.0,199.6,C
1721153750.651174,1939.0,1.9,1.77,11.5,14.7,12.81,0.98,KPA,1.46,2.22,0.01,0.51,0.01,0.58,0.01,0.04,0.0,0.0,0.0,0.0,0.0,0.0,0.0,0.0,0.0,0.0,0.0,0.0,14.0,106.0,199.6,C
1721153750.6611538,1939.0,1.9,1.77,11.5,14.7,12.81,0.98,KPA,1.5,2.22,0.01,0.51,0.01,0.58,0.01,0.04,0.0,0.0,0.0,0.0,0.0,0.0,0.0,0.0,0.0,0.0,0.0,0.0,14.0,106.0,199.6,C
1721153750.6711566,1939.0,1.9,1.77,11.5,14.7,12.81,0.98,KPA,1.5,2.22,0.01,0.51,0.01,0.58,0.01,0.04,0.0,0.0,0.0,0.0,0.0,0.0,0.0,0.0,0.0,0.0,0.0,0.0,14.0,106.0,199.6,C
1721153750.6812143,1939.0,1.9,1.77,11.5,14.7,12.81,0.98,KPA,1.5,2.22,0.01,0.51,0.01,0.58,0.01,0.04,0.0,0.0,0.0,0.0,0.0,0.0,0.0,0.0,0.0,0.0,0.0,0.0,14.0,106.0,199.6,C
1721153750.6817842,1939.0,1.9,1.77,11.5,14.7,12.81,0.98,KPA,1.5,2.22,0.01,0.51,0.01,0.58,0.01,0.04,0.0,0.0,0.0,0.0,0.0,0.0,0.0,0.0,0.0,0.0,0.0,0.0,14.0,106.0,199.6,C
1721153750.6911938,1956.0,2.0,1.78,11.5,14.7,12.81,0.98,KPA,1.5,2.22,0.01,0.51,0.01,0.58,0.01,0.04,0.0,0.0,0.0,0.0,0.0,0.0,0.0,0.0,0.0,0.0,0.0,0.0,14.0,106.0,199.6,C
1721153750.6917586,1956.0,2.0,1.78,11.5,14.7,12.81,0.98,KPA,1.5,2.22,0.01,0.51,0.01,0.58,0.01,0.04,0.0,0.0,0.0,0.0,0.0,0.0,0.0,0.0,0.0,0.0,0.0,0.0,14.0,106.0,199.6,C
1721153750.7011776,1956.0,2.0,1.78,11.5,14.7,12.57,0.98,KPA,1.5,2.22,0.01,0.51,0.01,0.58,0.01,0.04,0.0,0.0,0.0,0.0,0.0,0.0,0.0,0.0,0.0,0.0,0.0,0.0,14.0,106.0,199.6,C
1721153750.741168,1976.0,1.9,1.78,11.5,14.7,12.57,0.98,KPA,1.5,2.22,0.01,0.51,0.01,0.58,0.01,0.04,0.0,0.0,0.0,0.0,0.0,0.0,0.0,0.0,0.0,0.0,0.0,0.0,14.0,106.0,199.6,C
1721153750.7511613,1976.0,1.9,1.78,11.5,14.7,12.79,0.98,KPA,1.5,2.22,0.01,0.51,0.01,0.58,0.01,0.04,0.0,0.0,0.0,0.0,0.0,0.0,0.0,0.0,0.0,0.0,0.0,0.0,14.0,106.0,199.6,C
1721153750.7611642,1976.0,1.9,1.78,11.5,14.7,12.79,0.98,KPA,1.52,2.22,0.01,0.51,0.01,0.58,0.01,0.04,0.0,0.0,0.0,0.0,0.0,0.0,0.0,0.0,0.0,0.0,0.0,0.0,14.0,106.0,199.6,C
1721153750.771175,1976.0,1.9,1.78,11.5,14.7,12.79,0.98,KPA,1.52,2.22,0.01,0.51,0.01,0.58,0.01,0.04,0.0,0.0,0.0,0.0,0.0,0.0,0.0,0.0,0.0,0.0,0.0,0.0,14.0,106.0,199.6,C
1721153750.781185,1976.0,1.9,1.78,11.5,14.7,12.79,0.98,KPA,1.52,2.22,0.01,0.51,0.01,0.58,0.01,0.04,0.0,0.0,0.0,0.0,0.0,0.0,0.0,0.0,0.0,0.0,0.0,0.0,14.0,106.0,199.6,C
1721153750.7817547,1976.0,1.9,1.78,11.5,14.7,12.79,0.98,KPA,1.52,2.22,0.01,0.51,0.01,0.58,0.01,0.04,0.0,0.0,0.0,0.0,0.0,0.0,0.0,0.0,0.0,0.0,0.0,0.0,14.0,106.0,199.6,C
1721153750.791172,2027.0,2.0,1.78,11.5,14.7,12.79,0.98,KPA,1.52,2.22,0.01,0.51,0.01,0.58,0.01,0.04,0.0,0.0,0.0,0.0,0.0,0.0,0.0,0.0,0.0,0.0,0.0,0.0,14.0,106.0,199.6,C
1721153750.7917523,2027.0,2.0,1.78,11.5,14.7,12.79,0.98,KPA,1.52,2.22,0.01,0.51,0.01,0.58,0.01,0.04,0.0,0.0,0.0,0.0,0.0,0.0,0.0,0.0,0.0,0.0,0.0,0.0,14.0,106.0,199.6,C
1721153750.8011696,2027.0,2.0,1.78,11.5,14.7,12.67,0.98,KPA,1.52,2.22,0.01,0.51,0.01,0.58,0.01,0.04,0.0,0.0,0.0,0.0,0.0,0.0,0.0,0.0,0.0,0.0,0.0,0.0,14.0,106.0,199.6,C
1721153750.8411589,2034.0,2.0,1.78,7.5,14.7,12.67,0.98,KPA,1.52,2.22,0.01,0.51,0.01,0.58,0.01,0.04,0.0,0.0,0.0,0.0,0.0,0.0,0.0,0.0,0.0,0.0,0.0,0.0,14.0,106.0,199.6,C
1721153750.8511515,2034.0,2.0,1.78,7.5,14.7,12.67,0.98,KPA,1.52,2.22,0.01,0.51,0.01,0.58,0.01,0.04,0.0,0.0,0.0,0.0,0.0,0.0,0.0,0.0,0.0,0.0,0.0,0.0,14.0,106.0,199.6,C
1721153750.8611495,2034.0,2.0,1.78,7.5,14.7,12.67,0.98,KPA,1.51,2.22,0.01,0.51,0.01,0.58,0.01,0.04,0.0,0.0,0.0,0.0,0.0,0.0,0.0,0.0,0.0,0.0,0.0,0.0,14.0,106.0,199.6,C
1721153750.871161,2034.0,2.0,1.78,7.5,14.7,12.67,0.98,KPA,1.51,2.22,0.01,0.51,0.01,0.58,0.01,0.04,0.0,0.0,0.0,0.0,0.0,0.0,0.0,0.0,0.0,0.0,0.0,0.0,14.0,106.0,199.6,C
1721153750.8811662,2034.0,2.0,1.78,7.5,14.7,12.67,0.98,KPA,1.51,2.22,0.01,0.51,0.01,0.58,0.01,0.04,0.0,0.0,0.0,0.0,0.0,0.0,0.0,0.0,0.0,0.0,0.0,0.0,14.0,106.0,199.6,C
1721153750.8817513,2034.0,2.0,1.78,7.5,14.7,12.67,0.98,KPA,1.51,2.22,0.01,0.51,0.01,0.58,0.01,0.04,0.0,0.0,0.0,0.0,0.0,0.0,0.0,0.0,0.0,0.0,0.0,0.0,14.0,106.0,199.6,C
1721153750.8911576,1988.0,2.0,1.78,7.5,14.7,12.67,0.98,KPA,1.51,2.22,0.01,0.51,0.01,0.58,0.01,0.04,0.0,0.0,0.0,0.0,0.0,0.0,0.0,0.0,0.0,0.0,0.0,0.0,14.0,106.0,199.6,C
1721153750.8917444,1988.0,2.0,1.78,7.5,14.7,12.67,0.98,KPA,1.51,2.22,0.01,0.51,0.01,0.58,0.01,0.04,0.0,0.0,0.0,0.0,0.0,0.0,0.0,0.0,0.0,0.0,0.0,0.0,14.0,106.0,199.6,C
1721153750.9011421,1988.0,2.0,1.78,7.5,14.7,12.71,0.98,KPA,1.51,2.22,0.01,0.51,0.01,0.58,0.01,0.04,0.0,0.0,0.0,0.0,0.0,0.0,0.0,0.0,0.0,0.0,0.0,0.0,14.0,106.0,199.6,C
1721153750.9411776,2085.0,2.0,1.78,7.5,14.7,12.71,0.98,KPA,1.51,2.22,0.01,0.51,0.01,0.58,0.01,0.04,0.0,0.0,0.0,0.0,0.0,0.0,0.0,0.0,0.0,0.0,0.0,0.0,14.0,106.0,199.6,C
1721153750.951166,2085.0,2.0,1.78,7.5,14.7,12.8,0.98,KPA,1.51,2.22,0.01,0.51,0.01,0.58,0.01,0.04,0.0,0.0,0.0,0.0,0.0,0.0,0.0,0.0,0.0,0.0,0.0,0.0,14.0,106.0,199.6,C
1721153750.9611533,2085.0,2.0,1.78,7.5,14.7,12.8,0.98,KPA,1.5,2.22,0.01,0.51,0.01,0.58,0.01,0.04,0.0,0.0,0.0,0.0,0.0,0.0,0.0,0.0,0.0,0.0,0.0,0.0,14.0,106.0,199.6,C
1721153750.9711528,2085.0,2.0,1.78,7.5,14.7,12.8,0.98,KPA,1.5,2.22,0.01,0.51,0.01,0.58,0.01,0.04,0.0,0.0,0.0,0.0,0.0,0.0,0.0,0.0,0.0,0.0,0.0,0.0,14.0,106.0,199.6,C
1721153750.981179,2085.0,2.0,1.78,7.5,14.7,12.8,0.98,KPA,1.5,2.22,0.01,0.51,0.01,0.58,0.01,0.04,0.0,0.0,0.0,0.0,0.0,0.0,0.0,0.0,0.0,0.0,0.0,0.0,14.0,106.0,199.6,C
1721153750.981746,2085.0,2.0,1.78,7.5,14.7,12.8,0.98,KPA,1.5,2.22,0.01,0.51,0.01,0.58,0.01,0.04,0.0,0.0,0.0,0.0,0.0,0.0,0.0,0.0,0.0,0.0,0.0,0.0,14.0,106.0,199.6,C
1721153750.9911444,1945.0,2.0,1.77,6.7,14.7,12.8,0.98,KPA,1.5,2.22,0.01,0.51,0.01,0.58,0.01,0.04,0.0,0.0,0.0,0.0,0.0,0.0,0.0,0.0,0.0,0.0,0.0,0.0,14.0,106.0,199.6,C
1721153750.9917245,1945.0,2.0,1.77,6.7,14.7,12.8,0.98,KPA,1.5,2.22,0.01,0.51,0.01,0.58,0.01,0.04,0.0,0.0,0.0,0.0,0.0,0.0,0.0,0.0,0.0,0.0,0.0,0.0,14.0,106.0,199.6,C
1721153751.001145,1945.0,2.0,1.77,6.7,14.7,12.44,0.98,KPA,1.5,2.22,0.01,0.51,0.01,0.58,0.01,0.04,0.0,0.0,0.0,0.0,0.0,0.0,0.0,0.0,0.0,0.0,0.0,0.0,14.0,106.0,199.6,C
1721153751.0411365,2013.0,1.9,1.77,6.7,14.7,12.44,0.98,KPA,1.5,2.22,0.01,0.51,0.01,0.58,0.01,0.04,0.0,0.0,0.0,0.0,0.0,0.0,0.0,0.0,0.0,0.0,0.0,0.0,14.0,106.0,199.6,C
1721153751.0511456,2013.0,1.9,1.77,6.7,14.7,12.81,0.98,KPA,1.5,2.22,0.01,0.51,0.01,0.58,0.01,0.04,0.0,0.0,0.0,0.0,0.0,0.0,0.0,0.0,0.0,0.0,0.0,0.0,14.0,106.0,199.6,C
1721153751.0611472,2013.0,1.9,1.77,6.7,14.7,12.81,0.98,KPA,1.49,2.22,0.01,0.51,0.01,0.58,0.01,0.04,0.0,0.0,0.0,0.0,0.0,0.0,0.0,0.0,0.0,0.0,0.0,0.0,14.0,106.0,199.6,C
1721153751.0711365,2013.0,1.9,1.77,6.7,14.7,12.81,0.98,KPA,1.49,2.22,0.01,0.51,0.01,0.58,0.01,0.04,0.0,0.0,0.0,0.0,0.0,0.0,0.0,0.0,0.0,0.0,0.0,0.0,14.0,106.0,199.6,C
1721153751.081173,2013.0,1.9,1.77,6.7,14.7,12.81,0.98,KPA,1.49,2.22,0.01,0.51,0.01,0.58,0.01,0.04,0.0,0.0,0.0,0.0,0.0,0.0,0.0,0.0,0.0,0.0,0.0,0.0,14.0,106.0,199.6,C
1721153751.081756,2013.0,1.9,1.77,6.7,14.7,12.81,0.98,KPA,1.49,2.22,0.01,0.51,0.01,0.58,0.01,0.04,0.0,0.0,0.0,0.0,0.0,0.0,0.0,0.0,0.0,0.0,0.0,0.0,14.0,106.0,199.6,C
1721153751.0911536,1955.0,2.0,1.78,6.7,14.7,12.81,0.98,KPA,1.49,2.22,0.01,0.51,0.01,0.58,0.01,0.04,0.0,0.0,0.0,0.0,0.0,0.0,0.0,0.0,0.0,0.0,0.0,0.0,14.0,106.0,199.6,C
1721153751.0917373,1955.0,2.0,1.78,6.7,14.7,12.81,0.98,KPA,1.49,2.22,0.01,0.51,0.01,0.58,0.01,0.04,0.0,0.0,0.0,0.0,0.0,0.0,0.0,0.0,0.0,0.0,0.0,0.0,14.0,106.0,199.6,C
1721153751.1011431,1955.0,2.0,1.78,6.7,14.7,12.63,0.98,KPA,1.49,2.22,0.01,0.51,0.01,0.58,0.01,0.04,0.0,0.0,0.0,0.0,0.0,0.0,0.0,0.0,0.0,0.0,0.0,0.0,14.0,106.0,199.6,C
1721153751.111141,1955.0,2.0,1.78,6.7,14.7,12.63,0.98,KPA,1.49,2.22,0.01,0.51,0.01,0.58,0.01,0.04,0.0,0.0,0.0,0.0,0.0,0.0,0.0,0.0,0.0,0.0,0.0,0.0,14.0,106.0,199.6,C
1721153751.141156,1980.0,1.9,1.78,6.7,14.7,12.63,0.98,KPA,1.49,2.22,0.01,0.51,0.01,0.58,0.01,0.04,0.0,0.0,0.0,0.0,0.0,0.0,0.0,0.0,0.0,0.0,0.0,0.0,14.0,106.0,199.6,C
1721153751.1511626,1980.0,1.9,1.78,6.7,14.7,12.6,0.98,KPA,1.49,2.22,0.01,0.51,0.01,0.58,0.01,0.04,0.0,0.0,0.0,0.0,0.0,0.0,0.0,0.0,0.0,0.0,0.0,0.0,14.0,106.0,199.6,C
1721153751.1611547,1980.0,1.9,1.78,6.7,14.7,12.6,0.98,KPA,1.52,2.22,0.01,0.51,0.01,0.58,0.01,0.04,0.0,0.0,0.0,0.0,0.0,0.0,0.0,0.0,0.0,0.0,0.0,0.0,14.0,106.0,199.6,C
1721153751.1711755,1980.0,1.9,1.78,6.7,14.7,12.6,0.98,KPA,1.52,2.22,0.01,0.51,0.01,0.58,0.01,0.04,0.0,0.0,0.0,0.0,0.0,0.0,0.0,0.0,0.0,0.0,0.0,0.0,14.0,106.0,199.6,C
1721153751.1811807,1980.0,1.9,1.78,6.7,14.7,12.6,0.98,KPA,1.52,2.22,0.01,0.51,0.01,0.58,0.01,0.04,0.0,0.0,0.0,0.0,0.0,0.0,0.0,0.0,0.0,0.0,0.0,0.0,14.0,106.0,199.6,C
1721153751.1817718,1980.0,1.9,1.78,6.7,14.7,12.6,0.98,KPA,1.52,2.22,0.01,0.51,0.01,0.58,0.01,0.04,0.0,0.0,0.0,0.0,0.0,0.0,0.0,0.0,0.0,0.0,0.0,0.0,14.0,106.0,199.6,C
1721153751.1911397,1992.0,1.9,1.78,9.0,14.7,12.6,0.98,KPA,1.52,2.22,0.01,0.51,0.01,0.58,0.01,0.04,0.0,0.0,0.0,0.0,0.0,0.0,0.0,0.0,0.0,0.0,0.0,0.0,14.0,106.0,199.6,C
1721153751.1917157,1992.0,1.9,1.78,9.0,14.7,12.6,0.98,KPA,1.52,2.22,0.01,0.51,0.01,0.58,0.01,0.04,0.0,0.0,0.0,0.0,0.0,0.0,0.0,0.0,0.0,0.0,0.0,0.0,14.0,106.0,199.6,C
1721153751.2011333,1992.0,1.9,1.78,9.0,14.7,12.73,0.98,KPA,1.52,2.22,0.01,0.51,0.01,0.58,0.01,0.04,0.0,0.0,0.0,0.0,0.0,0.0,0.0,0.0,0.0,0.0,0.0,0.0,14.0,106.0,199.6,C
1721153751.2411304,2024.0,1.9,1.78,9.0,14.7,12.73,0.98,KPA,1.52,2.22,0.01,0.51,0.01,0.58,0.01,0.04,0.0,0.0,0.0,0.0,0.0,0.0,0.0,0.0,0.0,0.0,0.0,0.0,14.0,106.0,199.6,C
1721153751.251127,2024.0,1.9,1.78,9.0,14.7,12.63,0.98,KPA,1.52,2.22,0.01,0.51,0.01,0.58,0.01,0.04,0.0,0.0,0.0,0.0,0.0,0.0,0.0,0.0,0.0,0.0,0.0,0.0,14.0,106.0,199.6,C
1721153751.2611518,2024.0,1.9,1.78,9.0,14.7,12.63,0.98,KPA,1.46,2.22,0.01,0.51,0.01,0.58,0.01,0.04,0.0,0.0,0.0,0.0,0.0,0.0,0.0,0.0,0.0,0.0,0.0,0.0,14.0,106.0,199.6,C
1721153751.2711592,2024.0,1.9,1.78,9.0,14.7,12.63,0.98,KPA,1.46,2.22,0.01,0.51,0.01,0.58,0.01,0.04,0.0,0.0,0.0,0.0,0.0,0.0,0.0,0.0,0.0,0.0,0.0,0.0,14.0,106.0,199.6,C
1721153751.2811701,2024.0,1.9,1.78,9.0,14.7,12.63,0.98,KPA,1.46,2.22,0.01,0.51,0.01,0.58,0.01,0.04,0.0,0.0,0.0,0.0,0.0,0.0,0.0,0.0,0.0,0.0,0.0,0.0,14.0,106.0,199.6,C
1721153751.2817385,2024.0,1.9,1.78,9.0,14.7,12.63,0.98,KPA,1.46,2.22,0.01,0.51,0.01,0.58,0.01,0.04,0.0,0.0,0.0,0.0,0.0,0.0,0.0,0.0,0.0,0.0,0.0,0.0,14.0,106.0,199.6,C
1721153751.291126,1957.0,1.9,1.77,9.0,14.7,12.63,0.98,KPA,1.46,2.22,0.01,0.51,0.01,0.58,0.01,0.04,0.0,0.0,0.0,0.0,0.0,0.0,0.0,0.0,0.0,0.0,0.0,0.0,14.0,106.0,199.6,C
1721153751.2917013,1957.0,1.9,1.77,9.0,14.7,12.63,0.98,KPA,1.46,2.22,0.01,0.51,0.01,0.58,0.01,0.04,0.0,0.0,0.0,0.0,0.0,0.0,0.0,0.0,0.0,0.0,0.0,0.0,14.0,106.0,199.6,C
1721153751.3011384,1957.0,1.9,1.77,9.0,14.7,12.6,0.98,KPA,1.46,2.22,0.01,0.51,0.01,0.58,0.01,0.04,0.0,0.0,0.0,0.0,0.0,0.0,0.0,0.0,0.0,0.0,0.0,0.0,14.0,106.0,199.6,C
1721153751.3411417,2034.0,2.0,1.78,9.0,14.7,12.6,0.98,KPA,1.46,2.22,0.01,0.51,0.01,0.58,0.01,0.04,0.0,0.0,0.0,0.0,0.0,0.0,0.0,0.0,0.0,0.0,0.0,0.0,14.0,106.0,199.6,C
1721153751.3511286,2034.0,2.0,1.78,9.0,14.7,12.85,0.98,KPA,1.46,2.22,0.01,0.51,0.01,0.58,0.01,0.04,0.0,0.0,0.0,0.0,0.0,0.0,0.0,0.0,0.0,0.0,0.0,0.0,14.0,106.0,199.6,C
1721153751.3611174,2034.0,2.0,1.78,9.0,14.7,12.85,0.98,KPA,1.53,2.22,0.01,0.51,0.01,0.58,0.01,0.04,0.0,0.0,0.0,0.0,0.0,0.0,0.0,0.0,0.0,0.0,0.0,0.0,14.0,106.0,199.6,C
1721153751.371129,2034.0,2.0,1.78,9.0,14.7,12.85,0.98,KPA,1.53,2.22,0.01,0.51,0.01,0.58,0.01,0.04,0.0,0.0,0.0,0.0,0.0,0.0,0.0,0.0,0.0,0.0,0.0,0.0,14.0,106.0,199.6,C
1721153751.3811524,2034.0,2.0,1.78,9.0,14.7,12.85,0.98,KPA,1.53,2.22,0.01,0.51,0.01,0.58,0.01,0.04,0.0,0.0,0.0,0.0,0.0,0.0,0.0,0.0,0.0,0.0,0.0,0.0,14.0,106.0,199.6,C
1721153751.3817356,2034.0,2.0,1.78,9.0,14.7,12.85,0.98,KPA,1.53,2.22,0.01,0.51,0.01,0.58,0.01,0.04,0.0,0.0,0.0,0.0,0.0,0.0,0.0,0.0,0.0,0.0,0.0,0.0,14.0,106.0,199.6,C
1721153751.3911338,2009.0,1.9,1.78,7.4,14.7,12.85,0.98,KPA,1.53,2.22,0.01,0.51,0.01,0.58,0.01,0.04,0.0,0.0,0.0,0.0,0.0,0.0,0.0,0.0,0.0,0.0,0.0,0.0,14.0,106.0,199.6,C
1721153751.391717,2009.0,1.9,1.78,7.4,14.7,12.85,0.98,KPA,1.53,2.22,0.01,0.51,0.01,0.58,0.01,0.04,0.0,0.0,0.0,0.0,0.0,0.0,0.0,0.0,0.0,0.0,0.0,0.0,14.0,106.0,199.6,C
1721153751.4011307,2009.0,1.9,1.78,7.4,14.7,12.56,0.98,KPA,1.53,2.22,0.01,0.51,0.01,0.58,0.01,0.04,0.0,0.0,0.0,0.0,0.0,0.0,0.0,0.0,0.0,0.0,0.0,0.0,14.0,106.0,199.6,C
1721153751.441121,1986.0,1.9,1.78,7.4,14.7,12.56,0.98,KPA,1.53,2.22,0.01,0.51,0.01,0.58,0.01,0.04,0.0,0.0,0.0,0.0,0.0,0.0,0.0,0.0,0.0,0.0,0.0,0.0,14.0,106.0,199.6,C
1721153751.4511275,1986.0,1.9,1.78,7.4,14.7,12.59,0.98,KPA,1.53,2.22,0.01,0.51,0.01,0.58,0.01,0.04,0.0,0.0,0.0,0.0,0.0,0.0,0.0,0.0,0.0,0.0,0.0,0.0,14.0,106.0,199.6,C
1721153751.4611294,1986.0,1.9,1.78,7.4,14.7,12.59,0.98,KPA,1.51,2.22,0.01,0.51,0.01,0.58,0.01,0.04,0.0,0.0,0.0,0.0,0.0,0.0,0.0,0.0,0.0,0.0,0.0,0.0,14.0,106.0,199.6,C
1721153751.4711401,1986.0,1.9,1.78,7.4,14.7,12.59,0.98,KPA,1.51,2.22,0.01,0.51,0.01,0.58,0.01,0.04,0.0,0.0,0.0,0.0,0.0,0.0,0.0,0.0,0.0,0.0,0.0,0.0,14.0,106.0,199.6,C
1721153751.4811459,1986.0,1.9,1.78,7.4,14.7,12.59,0.98,KPA,1.51,2.22,0.01,0.51,0.01,0.58,0.01,0.04,0.0,0.0,0.0,0.0,0.0,0.0,0.0,0.0,0.0,0.0,0.0,0.0,14.0,106.0,199.6,C
1721153751.4817264,1986.0,1.9,1.78,7.4,14.7,12.59,0.98,KPA,1.51,2.22,0.01,0.51,0.01,0.58,0.01,0.04,0.0,0.0,0.0,0.0,0.0,0.0,0.0,0.0,0.0,0.0,0.0,0.0,14.0,106.0,199.6,C
1721153751.491132,2054.0,1.9,1.77,7.4,14.7,12.59,0.98,KPA,1.51,2.22,0.01,0.51,0.01,0.58,0.01,0.04,0.0,0.0,0.0,0.0,0.0,0.0,0.0,0.0,0.0,0.0,0.0,0.0,14.0,106.0,199.6,C
1721153751.4917128,2054.0,1.9,1.77,7.4,14.7,12.59,0.98,KPA,1.51,2.22,0.01,0.51,0.01,0.58,0.01,0.04,0.0,0.0,0.0,0.0,0.0,0.0,0.0,0.0,0.0,0.0,0.0,0.0,14.0,106.0,199.6,C
1721153751.5011387,2054.0,1.9,1.77,7.4,14.7,12.76,0.98,KPA,1.51,2.22,0.01,0.51,0.01,0.58,0.01,0.04,0.0,0.0,0.0,0.0,0.0,0.0,0.0,0.0,0.0,0.0,0.0,0.0,14.0,106.0,199.6,C
1721153751.5411193,2002.0,1.9,1.77,6.6,14.7,12.76,0.98,KPA,1.51,2.22,0.01,0.51,0.01,0.58,0.01,0.04,0.0,0.0,0.0,0.0,0.0,0.0,0.0,0.0,0.0,0.0,0.0,0.0,14.0,106.0,199.6,C
1721153751.5511105,2002.0,1.9,1.77,6.6,14.7,12.52,0.98,KPA,1.51,2.22,0.01,0.51,0.01,0.58,0.01,0.04,0.0,0.0,0.0,0.0,0.0,0.0,0.0,0.0,0.0,0.0,0.0,0.0,14.0,106.0,199.6,C
1721153751.561104,2002.0,1.9,1.77,6.6,14.7,12.52,0.98,KPA,1.45,2.22,0.01,0.51,0.01,0.58,0.01,0.04,0.0,0.0,0.0,0.0,0.0,0.0,0.0,0.0,0.0,0.0,0.0,0.0,14.0,106.0,199.6,C
1721153751.5711246,2002.0,1.9,1.77,6.6,14.7,12.52,0.98,KPA,1.45,2.22,0.01,0.51,0.01,0.58,0.01,0.04,0.0,0.0,0.0,0.0,0.0,0.0,0.0,0.0,0.0,0.0,0.0,0.0,14.0,106.0,199.6,C
1721153751.5811448,2002.0,1.9,1.77,6.6,14.7,12.52,0.98,KPA,1.45,2.22,0.01,0.51,0.01,0.58,0.01,0.04,0.0,0.0,0.0,0.0,0.0,0.0,0.0,0.0,0.0,0.0,0.0,0.0,14.0,106.0,199.6,C
1721153751.5817318,2002.0,1.9,1.77,6.6,14.7,12.52,0.98,KPA,1.45,2.22,0.01,0.51,0.01,0.58,0.01,0.04,0.0,0.0,0.0,0.0,0.0,0.0,0.0,0.0,0.0,0.0,0.0,0.0,14.0,106.0,199.6,C
1721153751.5911157,1930.0,2.0,1.77,6.6,14.7,12.52,0.98,KPA,1.45,2.22,0.01,0.51,0.01,0.58,0.01,0.04,0.0,0.0,0.0,0.0,0.0,0.0,0.0,0.0,0.0,0.0,0.0,0.0,14.0,106.0,199.6,C
1721153751.591701,1930.0,2.0,1.77,6.6,14.7,12.52,0.98,KPA,1.45,2.22,0.01,0.51,0.01,0.58,0.01,0.04,0.0,0.0,0.0,0.0,0.0,0.0,0.0,0.0,0.0,0.0,0.0,0.0,14.0,106.0,199.6,C
1721153751.6011236,1930.0,2.0,1.77,6.6,14.7,12.52,0.98,KPA,1.45,2.22,0.01,0.51,0.01,0.58,0.01,0.04,0.0,0.0,0.0,0.0,0.0,0.0,0.0,0.0,0.0,0.0,0.0,0.0,14.0,106.0,199.6,C
1721153751.6411376,2031.0,1.9,1.78,6.6,14.7,12.52,0.98,KPA,1.45,2.22,0.01,0.51,0.01,0.58,0.01,0.04,0.0,0.0,0.0,0.0,0.0,0.0,0.0,0.0,0.0,0.0,0.0,0.0,14.0,106.0,199.6,C
1721153751.6511273,2031.0,1.9,1.78,6.6,14.7,12.75,0.98,KPA,1.45,2.22,0.01,0.51,0.01,0.58,0.01,0.04,0.0,0.0,0.0,0.0,0.0,0.0,0.0,0.0,0.0,0.0,0.0,0.0,14.0,106.0,199.6,C
1721153751.66112,2031.0,1.9,1.78,6.6,14.7,12.75,0.98,KPA,1.5,2.22,0.01,0.51,0.01,0.58,0.01,0.04,0.0,0.0,0.0,0.0,0.0,0.0,0.0,0.0,0.0,0.0,0.0,0.0,14.0,106.0,199.6,C
1721153751.671124,2031.0,1.9,1.78,6.6,14.7,12.75,0.98,KPA,1.5,2.22,0.01,0.51,0.01,0.58,0.01,0.04,0.0,0.0,0.0,0.0,0.0,0.0,0.0,0.0,0.0,0.0,0.0,0.0,14.0,106.0,199.6,C
1721153751.6811512,2031.0,1.9,1.78,6.6,14.7,12.75,0.98,KPA,1.5,2.22,0.01,0.51,0.01,0.58,0.01,0.04,0.0,0.0,0.0,0.0,0.0,0.0,0.0,0.0,0.0,0.0,0.0,0.0,14.0,106.0,199.6,C
1721153751.6817288,2031.0,1.9,1.78,6.6,14.7,12.75,0.98,KPA,1.5,2.22,0.01,0.51,0.01,0.58,0.01,0.04,0.0,0.0,0.0,0.0,0.0,0.0,0.0,0.0,0.0,0.0,0.0,0.0,14.0,106.0,199.6,C
1721153751.691122,1952.0,2.0,1.78,6.6,14.7,12.75,0.98,KPA,1.5,2.22,0.01,0.51,0.01,0.58,0.01,0.04,0.0,0.0,0.0,0.0,0.0,0.0,0.0,0.0,0.0,0.0,0.0,0.0,14.0,106.0,199.6,C
1721153751.6917121,1952.0,2.0,1.78,6.6,14.7,12.75,0.98,KPA,1.5,2.22,0.01,0.51,0.01,0.58,0.01,0.04,0.0,0.0,0.0,0.0,0.0,0.0,0.0,0.0,0.0,0.0,0.0,0.0,14.0,106.0,199.6,C
1721153751.7011275,1952.0,2.0,1.78,6.6,14.7,12.67,0.98,KPA,1.5,2.22,0.01,0.51,0.01,0.58,0.01,0.04,0.0,0.0,0.0,0.0,0.0,0.0,0.0,0.0,0.0,0.0,0.0,0.0,14.0,106.0,199.6,C
1721153751.7419946,1924.0,2.0,1.78,9.8,14.7,12.67,0.98,KPA,1.5,2.22,0.01,0.51,0.01,0.58,0.01,0.04,0.0,0.0,0.0,0.0,0.0,0.0,0.0,0.0,0.0,0.0,0.0,0.0,14.0,106.0,199.6,C
1721153751.751103,1924.0,2.0,1.78,9.8,14.7,12.63,0.98,KPA,1.5,2.22,0.01,0.51,0.01,0.58,0.01,0.04,0.0,0.0,0.0,0.0,0.0,0.0,0.0,0.0,0.0,0.0,0.0,0.0,14.0,106.0,199.6,C
1721153751.761113,1924.0,2.0,1.78,9.8,14.7,12.63,0.98,KPA,1.47,2.22,0.01,0.51,0.01,0.58,0.01,0.04,0.0,0.0,0.0,0.0,0.0,0.0,0.0,0.0,0.0,0.0,0.0,0.0,14.0,106.0,199.6,C
1721153751.772312,1924.0,2.0,1.78,9.8,14.7,12.63,0.98,KPA,1.47,2.22,0.01,0.51,0.01,0.58,0.01,0.04,0.0,0.0,0.0,0.0,0.0,0.0,0.0,0.0,0.0,0.0,0.0,0.0,14.0,106.0,199.6,C
1721153751.781138,1924.0,2.0,1.78,9.8,14.7,12.63,0.98,KPA,1.47,2.22,0.01,0.51,0.01,0.58,0.01,0.04,0.0,0.0,0.0,0.0,0.0,0.0,0.0,0.0,0.0,0.0,0.0,0.0,14.0,106.0,199.6,C
1721153751.781722,1924.0,2.0,1.78,9.8,14.7,12.63,0.98,KPA,1.47,2.22,0.01,0.51,0.01,0.58,0.01,0.04,0.0,0.0,0.0,0.0,0.0,0.0,0.0,0.0,0.0,0.0,0.0,0.0,14.0,106.0,199.6,C
1721153751.7911196,1979.0,1.9,1.77,9.8,14.7,12.63,0.98,KPA,1.47,2.22,0.01,0.51,0.01,0.58,0.01,0.04,0.0,0.0,0.0,0.0,0.0,0.0,0.0,0.0,0.0,0.0,0.0,0.0,14.0,106.0,199.6,C
1721153751.791703,1979.0,1.9,1.77,9.8,14.7,12.63,0.98,KPA,1.47,2.22,0.01,0.51,0.01,0.58,0.01,0.04,0.0,0.0,0.0,0.0,0.0,0.0,0.0,0.0,0.0,0.0,0.0,0.0,14.0,106.0,199.6,C
1721153751.8017106,1979.0,1.9,1.77,9.8,14.7,12.76,0.98,KPA,1.47,2.22,0.01,0.51,0.01,0.58,0.01,0.04,0.0,0.0,0.0,0.0,0.0,0.0,0.0,0.0,0.0,0.0,0.0,0.0,14.0,106.0,199.6,C
1721153751.841136,2065.0,2.0,1.78,9.8,14.7,12.76,0.98,KPA,1.47,2.22,0.01,0.51,0.01,0.58,0.01,0.04,0.0,0.0,0.0,0.0,0.0,0.0,0.0,0.0,0.0,0.0,0.0,0.0,14.0,106.0,199.6,C
1721153751.851106,2065.0,2.0,1.78,9.8,14.7,12.73,0.98,KPA,1.47,2.22,0.01,0.51,0.01,0.58,0.01,0.04,0.0,0.0,0.0,0.0,0.0,0.0,0.0,0.0,0.0,0.0,0.0,0.0,14.0,106.0,199.6,C
1721153751.8611143,2065.0,2.0,1.78,9.8,14.7,12.73,0.98,KPA,1.51,2.22,0.01,0.51,0.01,0.58,0.01,0.04,0.0,0.0,0.0,0.0,0.0,0.0,0.0,0.0,0.0,0.0,0.0,0.0,14.0,106.0,199.6,C
1721153751.8711073,2065.0,2.0,1.78,9.8,14.7,12.73,0.98,KPA,1.51,2.22,0.01,0.51,0.01,0.58,0.01,0.04,0.0,0.0,0.0,0.0,0.0,0.0,0.0,0.0,0.0,0.0,0.0,0.0,14.0,106.0,199.6,C
1721153751.8811414,2065.0,2.0,1.78,9.8,14.7,12.73,0.98,KPA,1.51,2.22,0.01,0.51,0.01,0.58,0.01,0.04,0.0,0.0,0.0,0.0,0.0,0.0,0.0,0.0,0.0,0.0,0.0,0.0,14.0,106.0,199.6,C
1721153751.8817284,2065.0,2.0,1.78,9.8,14.7,12.73,0.98,KPA,1.51,2.22,0.01,0.51,0.01,0.58,0.01,0.04,0.0,0.0,0.0,0.0,0.0,0.0,0.0,0.0,0.0,0.0,0.0,0.0,14.0,106.0,199.6,C
1721153751.891592,1928.0,1.9,1.77,7.6,14.7,12.73,0.98,KPA,1.51,2.22,0.01,0.51,0.01,0.58,0.01,0.04,0.0,0.0,0.0,0.0,0.0,0.0,0.0,0.0,0.0,0.0,0.0,0.0,14.0,106.0,199.6,C
1721153751.8921678,1928.0,1.9,1.77,7.6,14.7,12.73,0.98,KPA,1.51,2.22,0.01,0.51,0.01,0.58,0.01,0.04,0.0,0.0,0.0,0.0,0.0,0.0,0.0,0.0,0.0,0.0,0.0,0.0,14.0,106.0,199.6,C
1721153751.9011679,1928.0,1.9,1.77,7.6,14.7,12.44,0.98,KPA,1.51,2.22,0.01,0.51,0.01,0.58,0.01,0.04,0.0,0.0,0.0,0.0,0.0,0.0,0.0,0.0,0.0,0.0,0.0,0.0,14.0,106.0,199.6,C
1721153751.9411147,1912.0,2.0,1.77,7.6,14.7,12.44,0.98,KPA,1.51,2.22,0.01,0.51,0.01,0.58,0.01,0.04,0.0,0.0,0.0,0.0,0.0,0.0,0.0,0.0,0.0,0.0,0.0,0.0,14.0,106.0,199.6,C
1721153751.9510963,1912.0,2.0,1.77,7.6,14.7,12.6,0.98,KPA,1.51,2.22,0.01,0.51,0.01,0.58,0.01,0.04,0.0,0.0,0.0,0.0,0.0,0.0,0.0,0.0,0.0,0.0,0.0,0.0,14.0,106.0,199.6,C
1721153751.9611118,1912.0,2.0,1.77,7.6,14.7,12.6,0.98,KPA,1.47,2.22,0.01,0.51,0.01,0.58,0.01,0.04,0.0,0.0,0.0,0.0,0.0,0.0,0.0,0.0,0.0,0.0,0.0,0.0,14.0,106.0,199.6,C
1721153751.9711287,1912.0,2.0,1.77,7.6,14.7,12.6,0.98,KPA,1.47,2.22,0.01,0.51,0.01,0.58,0.01,0.04,0.0,0.0,0.0,0.0,0.0,0.0,0.0,0.0,0.0,0.0,0.0,0.0,14.0,106.0,199.6,C
1721153751.9811454,1912.0,2.0,1.77,7.6,14.7,12.6,0.98,KPA,1.47,2.22,0.01,0.51,0.01,0.58,0.01,0.04,0.0,0.0,0.0,0.0,0.0,0.0,0.0,0.0,0.0,0.0,0.0,0.0,14.0,106.0,199.6,C
1721153751.9817078,1912.0,2.0,1.77,7.6,14.7,12.6,0.98,KPA,1.47,2.22,0.01,0.51,0.01,0.58,0.01,0.04,0.0,0.0,0.0,0.0,0.0,0.0,0.0,0.0,0.0,0.0,0.0,0.0,14.0,106.0,199.6,C
1721153751.9911141,1911.0,2.0,1.77,7.6,14.7,12.6,0.98,KPA,1.47,2.22,0.01,0.51,0.01,0.58,0.01,0.04,0.0,0.0,0.0,0.0,0.0,0.0,0.0,0.0,0.0,0.0,0.0,0.0,14.0,106.0,199.6,C
1721153751.9916945,1911.0,2.0,1.77,7.6,14.7,12.6,0.98,KPA,1.47,2.22,0.01,0.51,0.01,0.58,0.01,0.04,0.0,0.0,0.0,0.0,0.0,0.0,0.0,0.0,0.0,0.0,0.0,0.0,14.0,106.0,199.6,C
1721153752.0011032,1911.0,2.0,1.77,7.6,14.7,12.63,0.98,KPA,1.47,2.22,0.01,0.51,0.01,0.58,0.01,0.04,0.0,0.0,0.0,0.0,0.0,0.0,0.0,0.0,0.0,0.0,0.0,0.0,14.0,106.0,199.6,C
1721153752.0411024,1941.0,1.9,1.77,7.6,14.7,12.63,0.98,KPA,1.47,2.22,0.01,0.51,0.01,0.58,0.01,0.04,0.0,0.0,0.0,0.0,0.0,0.0,0.0,0.0,0.0,0.0,0.0,0.0,14.0,106.0,199.6,C
1721153752.0511072,1941.0,1.9,1.77,7.6,14.7,12.83,0.98,KPA,1.47,2.22,0.01,0.51,0.01,0.58,0.01,0.04,0.0,0.0,0.0,0.0,0.0,0.0,0.0,0.0,0.0,0.0,0.0,0.0,14.0,106.0,199.6,C
1721153752.0610878,1941.0,1.9,1.77,7.6,14.7,12.83,0.98,KPA,1.51,2.22,0.01,0.51,0.01,0.58,0.01,0.04,0.0,0.0,0.0,0.0,0.0,0.0,0.0,0.0,0.0,0.0,0.0,0.0,14.0,106.0,199.6,C
1721153752.071098,1941.0,1.9,1.77,7.6,14.7,12.83,0.98,KPA,1.51,2.22,0.01,0.51,0.01,0.58,0.01,0.04,0.0,0.0,0.0,0.0,0.0,0.0,0.0,0.0,0.0,0.0,0.0,0.0,14.0,106.0,199.6,C
1721153752.0811136,1941.0,1.9,1.77,7.6,14.7,12.83,0.98,KPA,1.51,2.22,0.01,0.51,0.01,0.58,0.01,0.04,0.0,0.0,0.0,0.0,0.0,0.0,0.0,0.0,0.0,0.0,0.0,0.0,14.0,106.0,199.6,C
1721153752.0817037,1941.0,1.9,1.77,7.6,14.7,12.83,0.98,KPA,1.51,2.22,0.01,0.51,0.01,0.58,0.01,0.04,0.0,0.0,0.0,0.0,0.0,0.0,0.0,0.0,0.0,0.0,0.0,0.0,14.0,106.0,199.6,C
1721153752.0910947,2022.0,1.9,1.78,8.7,14.7,12.83,0.98,KPA,1.51,2.22,0.01,0.51,0.01,0.58,0.01,0.04,0.0,0.0,0.0,0.0,0.0,0.0,0.0,0.0,0.0,0.0,0.0,0.0,14.0,106.0,199.6,C
1721153752.0916808,2022.0,1.9,1.78,8.7,14.7,12.83,0.98,KPA,1.51,2.22,0.01,0.51,0.01,0.58,0.01,0.04,0.0,0.0,0.0,0.0,0.0,0.0,0.0,0.0,0.0,0.0,0.0,0.0,14.0,106.0,199.6,C
1721153752.101106,2022.0,1.9,1.78,8.7,14.7,12.65,0.98,KPA,1.51,2.22,0.01,0.51,0.01,0.58,0.01,0.04,0.0,0.0,0.0,0.0,0.0,0.0,0.0,0.0,0.0,0.0,0.0,0.0,14.0,106.0,199.6,C
1721153752.111108,2022.0,1.9,1.78,8.7,14.7,12.65,0.98,KPA,1.51,2.22,0.01,0.51,0.01,0.58,0.01,0.04,0.0,0.0,0.0,0.0,0.0,0.0,0.0,0.0,0.0,0.0,0.0,0.0,14.1,106.0,199.6,C
1721153752.1411135,1917.0,2.0,1.77,8.7,14.7,12.65,0.98,KPA,1.51,2.22,0.01,0.51,0.01,0.58,0.01,0.04,0.0,0.0,0.0,0.0,0.0,0.0,0.0,0.0,0.0,0.0,0.0,0.0,14.1,106.0,199.6,C
1721153752.1511028,1917.0,2.0,1.77,8.7,14.7,12.55,0.98,KPA,1.51,2.22,0.01,0.51,0.01,0.58,0.01,0.04,0.0,0.0,0.0,0.0,0.0,0.0,0.0,0.0,0.0,0.0,0.0,0.0,14.1,106.0,199.6,C
1721153752.1610947,1917.0,2.0,1.77,8.7,14.7,12.55,0.98,KPA,1.52,2.22,0.01,0.51,0.01,0.58,0.01,0.04,0.0,0.0,0.0,0.0,0.0,0.0,0.0,0.0,0.0,0.0,0.0,0.0,14.1,106.0,199.6,C
1721153752.1710944,1917.0,2.0,1.77,8.7,14.7,12.55,0.98,KPA,1.52,2.22,0.01,0.51,0.01,0.58,0.01,0.04,0.0,0.0,0.0,0.0,0.0,0.0,0.0,0.0,0.0,0.0,0.0,0.0,14.1,106.0,199.6,C
1721153752.1811152,1917.0,2.0,1.77,8.7,14.7,12.55,0.98,KPA,1.52,2.22,0.01,0.51,0.01,0.58,0.01,0.04,0.0,0.0,0.0,0.0,0.0,0.0,0.0,0.0,0.0,0.0,0.0,0.0,14.1,106.0,199.6,C
1721153752.1817064,1917.0,2.0,1.77,8.7,14.7,12.55,0.98,KPA,1.52,2.22,0.01,0.51,0.01,0.58,0.01,0.04,0.0,0.0,0.0,0.0,0.0,0.0,0.0,0.0,0.0,0.0,0.0,0.0,14.1,106.0,199.6,C
1721153752.1910925,1965.0,1.9,1.78,8.7,14.7,12.55,0.98,KPA,1.52,2.22,0.01,0.51,0.01,0.58,0.01,0.04,0.0,0.0,0.0,0.0,0.0,0.0,0.0,0.0,0.0,0.0,0.0,0.0,14.1,106.0,199.6,C
1721153752.1916773,1965.0,1.9,1.78,8.7,14.7,12.55,0.98,KPA,1.52,2.22,0.01,0.51,0.01,0.58,0.01,0.04,0.0,0.0,0.0,0.0,0.0,0.0,0.0,0.0,0.0,0.0,0.0,0.0,14.1,106.0,199.6,C
1721153752.2010972,1965.0,1.9,1.78,8.7,14.7,12.87,0.98,KPA,1.52,2.22,0.01,0.51,0.01,0.58,0.01,0.04,0.0,0.0,0.0,0.0,0.0,0.0,0.0,0.0,0.0,0.0,0.0,0.0,14.1,106.0,199.6,C
1721153752.241136,1992.0,1.9,1.78,8.7,14.7,12.87,0.98,KPA,1.52,2.22,0.01,0.51,0.01,0.58,0.01,0.04,0.0,0.0,0.0,0.0,0.0,0.0,0.0,0.0,0.0,0.0,0.0,0.0,14.1,106.0,199.6,C
1721153752.2511127,1992.0,1.9,1.78,8.7,14.7,12.63,0.98,KPA,1.52,2.22,0.01,0.51,0.01,0.58,0.01,0.04,0.0,0.0,0.0,0.0,0.0,0.0,0.0,0.0,0.0,0.0,0.0,0.0,14.1,106.0,199.6,C
1721153752.2611167,1992.0,1.9,1.78,8.7,14.7,12.63,0.98,KPA,1.47,2.22,0.01,0.51,0.01,0.58,0.01,0.04,0.0,0.0,0.0,0.0,0.0,0.0,0.0,0.0,0.0,0.0,0.0,0.0,14.1,106.0,199.6,C
1721153752.271117,1992.0,1.9,1.78,8.7,14.7,12.63,0.98,KPA,1.47,2.22,0.01,0.51,0.01,0.58,0.01,0.04,0.0,0.0,0.0,0.0,0.0,0.0,0.0,0.0,0.0,0.0,0.0,0.0,14.1,106.0,199.6,C
1721153752.2811184,1992.0,1.9,1.78,8.7,14.7,12.63,0.98,KPA,1.47,2.22,0.01,0.51,0.01,0.58,0.01,0.04,0.0,0.0,0.0,0.0,0.0,0.0,0.0,0.0,0.0,0.0,0.0,0.0,14.1,106.0,199.6,C
1721153752.2817006,1992.0,1.9,1.78,8.7,14.7,12.63,0.98,KPA,1.47,2.22,0.01,0.51,0.01,0.58,0.01,0.04,0.0,0.0,0.0,0.0,0.0,0.0,0.0,0.0,0.0,0.0,0.0,0.0,14.1,106.0,199.6,C
1721153752.2910802,1994.0,1.9,1.77,8.5,14.7,12.63,0.98,KPA,1.47,2.22,0.01,0.51,0.01,0.58,0.01,0.04,0.0,0.0,0.0,0.0,0.0,0.0,0.0,0.0,0.0,0.0,0.0,0.0,14.1,106.0,199.6,C
1721153752.2916646,1994.0,1.9,1.77,8.5,14.7,12.63,0.98,KPA,1.47,2.22,0.01,0.51,0.01,0.58,0.01,0.04,0.0,0.0,0.0,0.0,0.0,0.0,0.0,0.0,0.0,0.0,0.0,0.0,14.1,106.0,199.6,C
1721153752.3010945,1994.0,1.9,1.77,8.5,14.7,12.61,0.98,KPA,1.47,2.22,0.01,0.51,0.01,0.58,0.01,0.04,0.0,0.0,0.0,0.0,0.0,0.0,0.0,0.0,0.0,0.0,0.0,0.0,14.1,106.0,199.6,C
1721153752.3411076,2037.0,1.9,1.78,8.5,14.7,12.61,0.98,KPA,1.47,2.22,0.01,0.51,0.01,0.58,0.01,0.04,0.0,0.0,0.0,0.0,0.0,0.0,0.0,0.0,0.0,0.0,0.0,0.0,14.1,106.0,199.6,C
1721153752.3511107,2037.0,1.9,1.78,8.5,14.7,12.67,0.98,KPA,1.47,2.22,0.01,0.51,0.01,0.58,0.01,0.04,0.0,0.0,0.0,0.0,0.0,0.0,0.0,0.0,0.0,0.0,0.0,0.0,14.1,106.0,199.6,C
1721153752.3611393,2037.0,1.9,1.78,8.5,14.7,12.67,0.98,KPA,1.48,2.22,0.01,0.51,0.01,0.58,0.01,0.04,0.0,0.0,0.0,0.0,0.0,0.0,0.0,0.0,0.0,0.0,0.0,0.0,14.1,106.0,199.6,C
1721153752.3710902,2037.0,1.9,1.78,8.5,14.7,12.67,0.98,KPA,1.48,2.22,0.01,0.51,0.01,0.58,0.01,0.04,0.0,0.0,0.0,0.0,0.0,0.0,0.0,0.0,0.0,0.0,0.0,0.0,14.1,106.0,199.6,C
1721153752.381107,2037.0,1.9,1.78,8.5,14.7,12.67,0.98,KPA,1.48,2.22,0.01,0.51,0.01,0.58,0.01,0.04,0.0,0.0,0.0,0.0,0.0,0.0,0.0,0.0,0.0,0.0,0.0,0.0,14.1,106.0,199.6,C
1721153752.381693,2037.0,1.9,1.78,8.5,14.7,12.67,0.98,KPA,1.48,2.22,0.01,0.51,0.01,0.58,0.01,0.04,0.0,0.0,0.0,0.0,0.0,0.0,0.0,0.0,0.0,0.0,0.0,0.0,14.1,106.0,199.6,C
1721153752.3910837,1980.0,2.0,1.77,8.5,14.7,12.67,0.98,KPA,1.48,2.22,0.01,0.51,0.01,0.58,0.01,0.04,0.0,0.0,0.0,0.0,0.0,0.0,0.0,0.0,0.0,0.0,0.0,0.0,14.1,106.0,199.6,C
1721153752.3916664,1980.0,2.0,1.77,8.5,14.7,12.67,0.98,KPA,1.48,2.22,0.01,0.51,0.01,0.58,0.01,0.04,0.0,0.0,0.0,0.0,0.0,0.0,0.0,0.0,0.0,0.0,0.0,0.0,14.1,106.0,199.6,C
1721153752.4010987,1980.0,2.0,1.77,8.5,14.7,12.71,0.98,KPA,1.48,2.22,0.01,0.51,0.01,0.58,0.01,0.04,0.0,0.0,0.0,0.0,0.0,0.0,0.0,0.0,0.0,0.0,0.0,0.0,14.1,106.0,199.6,C
1721153752.4410994,2065.0,2.0,1.78,5.6,14.7,12.71,0.98,KPA,1.48,2.22,0.01,0.51,0.01,0.58,0.01,0.04,0.0,0.0,0.0,0.0,0.0,0.0,0.0,0.0,0.0,0.0,0.0,0.0,14.1,106.0,199.6,C
1721153752.4510832,2065.0,2.0,1.78,5.6,14.7,12.52,0.98,KPA,1.48,2.22,0.01,0.51,0.01,0.58,0.01,0.04,0.0,0.0,0.0,0.0,0.0,0.0,0.0,0.0,0.0,0.0,0.0,0.0,14.1,106.0,199.6,C
1721153752.461098,2065.0,2.0,1.78,5.6,14.7,12.52,0.98,KPA,1.49,2.22,0.01,0.51,0.01,0.58,0.01,0.04,0.0,0.0,0.0,0.0,0.0,0.0,0.0,0.0,0.0,0.0,0.0,0.0,14.1,106.0,199.6,C
1721153752.4711075,2065.0,2.0,1.78,5.6,14.7,12.52,0.98,KPA,1.49,2.22,0.01,0.51,0.01,0.58,0.01,0.04,0.0,0.0,0.0,0.0,0.0,0.0,0.0,0.0,0.0,0.0,0.0,0.0,14.1,106.0,199.6,C
1721153752.4811175,2065.0,2.0,1.78,5.6,14.7,12.52,0.98,KPA,1.49,2.22,0.01,0.51,0.01,0.58,0.01,0.04,0.0,0.0,0.0,0.0,0.0,0.0,0.0,0.0,0.0,0.0,0.0,0.0,14.1,106.0,199.6,C
1721153752.481688,2065.0,2.0,1.78,5.6,14.7,12.52,0.98,KPA,1.49,2.22,0.01,0.51,0.01,0.58,0.01,0.04,0.0,0.0,0.0,0.0,0.0,0.0,0.0,0.0,0.0,0.0,0.0,0.0,14.1,106.0,199.6,C
1721153752.4910932,2052.0,1.9,1.77,5.6,14.7,12.52,0.98,KPA,1.49,2.22,0.01,0.51,0.01,0.58,0.01,0.04,0.0,0.0,0.0,0.0,0.0,0.0,0.0,0.0,0.0,0.0,0.0,0.0,14.1,106.0,199.6,C
1721153752.4916744,2052.0,1.9,1.77,5.6,14.7,12.52,0.98,KPA,1.49,2.22,0.01,0.51,0.01,0.58,0.01,0.04,0.0,0.0,0.0,0.0,0.0,0.0,0.0,0.0,0.0,0.0,0.0,0.0,14.1,106.0,199.6,C
1721153752.5010834,2052.0,1.9,1.77,5.6,14.7,12.73,0.98,KPA,1.49,2.22,0.01,0.51,0.01,0.58,0.01,0.04,0.0,0.0,0.0,0.0,0.0,0.0,0.0,0.0,0.0,0.0,0.0,0.0,14.1,106.0,199.6,C
1721153752.541085,2031.0,1.9,1.77,5.6,14.7,12.73,0.98,KPA,1.49,2.22,0.01,0.51,0.01,0.58,0.01,0.04,0.0,0.0,0.0,0.0,0.0,0.0,0.0,0.0,0.0,0.0,0.0,0.0,14.1,106.0,199.6,C
1721153752.551081,2031.0,1.9,1.77,5.6,14.7,12.41,0.98,KPA,1.49,2.22,0.01,0.51,0.01,0.58,0.01,0.04,0.0,0.0,0.0,0.0,0.0,0.0,0.0,0.0,0.0,0.0,0.0,0.0,14.1,106.0,199.6,C
1721153752.561086,2031.0,1.9,1.77,5.6,14.7,12.41,0.98,KPA,1.49,2.22,0.01,0.51,0.01,0.58,0.01,0.04,0.0,0.0,0.0,0.0,0.0,0.0,0.0,0.0,0.0,0.0,0.0,0.0,14.1,106.0,199.6,C
1721153752.5710776,2031.0,1.9,1.77,5.6,14.7,12.41,0.98,KPA,1.49,2.22,0.01,0.51,0.01,0.58,0.01,0.04,0.0,0.0,0.0,0.0,0.0,0.0,0.0,0.0,0.0,0.0,0.0,0.0,14.1,106.0,199.6,C
1721153752.5811036,2031.0,1.9,1.77,5.6,14.7,12.41,0.98,KPA,1.49,2.22,0.01,0.51,0.01,0.58,0.01,0.04,0.0,0.0,0.0,0.0,0.0,0.0,0.0,0.0,0.0,0.0,0.0,0.0,14.1,106.0,199.6,C
1721153752.5816934,2031.0,1.9,1.77,5.6,14.7,12.41,0.98,KPA,1.49,2.22,0.01,0.51,0.01,0.58,0.01,0.04,0.0,0.0,0.0,0.0,0.0,0.0,0.0,0.0,0.0,0.0,0.0,0.0,14.1,106.0,199.6,C
1721153752.5911324,1995.0,2.0,1.77,5.6,14.7,12.41,0.98,KPA,1.49,2.22,0.01,0.51,0.01,0.58,0.01,0.04,0.0,0.0,0.0,0.0,0.0,0.0,0.0,0.0,0.0,0.0,0.0,0.0,14.1,106.0,199.6,C
1721153752.5916686,1995.0,2.0,1.77,5.6,14.7,12.41,0.98,KPA,1.49,2.22,0.01,0.51,0.01,0.58,0.01,0.04,0.0,0.0,0.0,0.0,0.0,0.0,0.0,0.0,0.0,0.0,0.0,0.0,14.1,106.0,199.6,C
1721153752.60108,1995.0,2.0,1.77,5.6,14.7,12.6,0.98,KPA,1.49,2.22,0.01,0.51,0.01,0.58,0.01,0.04,0.0,0.0,0.0,0.0,0.0,0.0,0.0,0.0,0.0,0.0,0.0,0.0,14.1,106.0,199.6,C
1721153752.6416113,2135.0,2.0,1.78,8.6,14.7,12.6,0.98,KPA,1.49,2.22,0.01,0.51,0.01,0.58,0.01,0.04,0.0,0.0,0.0,0.0,0.0,0.0,0.0,0.0,0.0,0.0,0.0,0.0,14.1,106.0,199.6,C
1721153752.6510797,2135.0,2.0,1.78,8.6,14.7,12.68,0.98,KPA,1.49,2.22,0.01,0.51,0.01,0.58,0.01,0.04,0.0,0.0,0.0,0.0,0.0,0.0,0.0,0.0,0.0,0.0,0.0,0.0,14.1,106.0,199.6,C
1721153752.6610854,2135.0,2.0,1.78,8.6,14.7,12.68,0.98,KPA,1.52,2.22,0.01,0.51,0.01,0.58,0.01,0.04,0.0,0.0,0.0,0.0,0.0,0.0,0.0,0.0,0.0,0.0,0.0,0.0,14.1,106.0,199.6,C
1721153752.671073,2135.0,2.0,1.78,8.6,14.7,12.68,0.98,KPA,1.52,2.22,0.01,0.51,0.01,0.58,0.01,0.04,0.0,0.0,0.0,0.0,0.0,0.0,0.0,0.0,0.0,0.0,0.0,0.0,14.1,106.0,199.6,C
1721153752.6811042,2135.0,2.0,1.78,8.6,14.7,12.68,0.98,KPA,1.52,2.22,0.01,0.51,0.01,0.58,0.01,0.04,0.0,0.0,0.0,0.0,0.0,0.0,0.0,0.0,0.0,0.0,0.0,0.0,14.1,106.0,199.6,C
1721153752.681696,2135.0,2.0,1.78,8.6,14.7,12.68,0.98,KPA,1.52,2.22,0.01,0.51,0.01,0.58,0.01,0.04,0.0,0.0,0.0,0.0,0.0,0.0,0.0,0.0,0.0,0.0,0.0,0.0,14.1,106.0,199.6,C
1721153752.6910775,2058.0,2.0,1.77,8.6,14.7,12.68,0.98,KPA,1.52,2.22,0.01,0.51,0.01,0.58,0.01,0.04,0.0,0.0,0.0,0.0,0.0,0.0,0.0,0.0,0.0,0.0,0.0,0.0,14.1,106.0,199.6,C
1721153752.6916635,2058.0,2.0,1.77,8.6,14.7,12.68,0.98,KPA,1.52,2.22,0.01,0.51,0.01,0.58,0.01,0.04,0.0,0.0,0.0,0.0,0.0,0.0,0.0,0.0,0.0,0.0,0.0,0.0,14.1,106.0,199.6,C
1721153752.7010727,2058.0,2.0,1.77,8.6,14.7,12.61,0.98,KPA,1.52,2.22,0.01,0.51,0.01,0.58,0.01,0.04,0.0,0.0,0.0,0.0,0.0,0.0,0.0,0.0,0.0,0.0,0.0,0.0,14.1,106.0,199.6,C
1721153752.7410777,1975.0,1.9,1.77,8.6,14.7,12.61,0.98,KPA,1.52,2.22,0.01,0.51,0.01,0.58,0.01,0.04,0.0,0.0,0.0,0.0,0.0,0.0,0.0,0.0,0.0,0.0,0.0,0.0,14.1,106.0,199.6,C
1721153752.7510707,1975.0,1.9,1.77,8.6,14.7,12.69,0.98,KPA,1.52,2.22,0.01,0.51,0.01,0.58,0.01,0.04,0.0,0.0,0.0,0.0,0.0,0.0,0.0,0.0,0.0,0.0,0.0,0.0,14.1,106.0,199.6,C
1721153752.761066,1975.0,1.9,1.77,8.6,14.7,12.69,0.98,KPA,1.52,2.22,0.01,0.51,0.01,0.58,0.01,0.04,0.0,0.0,0.0,0.0,0.0,0.0,0.0,0.0,0.0,0.0,0.0,0.0,14.1,106.0,199.6,C
1721153752.7710745,1975.0,1.9,1.77,8.6,14.7,12.69,0.98,KPA,1.52,2.22,0.01,0.51,0.01,0.58,0.01,0.04,0.0,0.0,0.0,0.0,0.0,0.0,0.0,0.0,0.0,0.0,0.0,0.0,14.1,106.0,199.6,C
1721153752.781095,1975.0,1.9,1.77,8.6,14.7,12.69,0.98,KPA,1.52,2.22,0.01,0.51,0.01,0.58,0.01,0.04,0.0,0.0,0.0,0.0,0.0,0.0,0.0,0.0,0.0,0.0,0.0,0.0,14.1,106.0,199.6,C
1721153752.781684,1975.0,1.9,1.77,8.6,14.7,12.69,0.98,KPA,1.52,2.22,0.01,0.51,0.01,0.58,0.01,0.04,0.0,0.0,0.0,0.0,0.0,0.0,0.0,0.0,0.0,0.0,0.0,0.0,14.1,106.0,199.6,C
1721153752.7910857,2058.0,2.0,1.78,7.1,14.7,12.69,0.98,KPA,1.52,2.22,0.01,0.51,0.01,0.58,0.01,0.04,0.0,0.0,0.0,0.0,0.0,0.0,0.0,0.0,0.0,0.0,0.0,0.0,14.1,106.0,199.6,C
1721153752.791687,2058.0,2.0,1.78,7.1,14.7,12.69,0.98,KPA,1.52,2.22,0.01,0.51,0.01,0.58,0.01,0.04,0.0,0.0,0.0,0.0,0.0,0.0,0.0,0.0,0.0,0.0,0.0,0.0,14.1,106.0,199.6,C
1721153752.8010666,2058.0,2.0,1.78,7.1,14.7,12.57,0.98,KPA,1.52,2.22,0.01,0.51,0.01,0.58,0.01,0.04,0.0,0.0,0.0,0.0,0.0,0.0,0.0,0.0,0.0,0.0,0.0,0.0,14.1,106.0,199.6,C
