timestamp,Frequency 1,Frequency 2,Frequency 3,Frequency 4,Driven Avg Wheel Speed,Non-Driven Avg Wheel Speed,Ignition Compensation,Ignition Cut Percentage,RPM,TPS,Fuel Open Time,Ignition Angle,Driven Wheel Speed #1,Driven Wheel Speed #2,Non-Driven Wheel Speed #1,Non-Driven Wheel Speed #2,Barometer,MAP,Lambda,Pressure Type,Analog Input #1,Analog Input #2,Analog Input #3,Analog Input #4,Analog Input #5,Analog Input #6,Analog Input #7,Analog Input #8,Battery Volt,Air Temp,Coolant Temp,Temp Type
1721152434.0,0.0,0.0,0.0,0.0,,,,,,,,,,,,,,,,,,,,,,,,,,,,
1721152434.0,0.0,0.0,0.0,0.0,0.0,0.0,0.0,0.0,,,,,,,,,,,,,,,,,,,,,,,,
1721152434.0,0.0,0.0,0.0,0.0,0.0,0.0,0.0,0.0,1858.0,2.0,1.73,11.4,,,,,,,,,,,,,,,,,,,,
1721152434.0,0.0,0.0,0.0,0.0,0.0,0.0,0.0,0.0,1858.0,2.0,1.73,11.4,0.0,0.0,0.0,0.0,,,,,,,,,,,,,,,,
1721152434.0,0.0,0.0,0.0,0.0,0.0,0.0,0.0,0.0,1858.0,2.0,1.73,11.4,0.0,0.0,0.0,0.0,14.7,12.73,1.04,KPA,,,,,,,,,,,,
1721152434.0,0.0,0.0,0.0,0.0,0.0,0.0,0.0,0.0,1794.0,2.0,1.72,11.4,0.0,0.0,0.0,0.0,14.7,12.73,1.04,KPA,,,,,,,,,,,,
1721152434.0,0.0,0.0,0.0,0.0,0.0,0.0,0.0,0.0,1794.0,2.0,1.72,11.4,0.0,0.0,0.0,0.0,14.7,12.92,1.04,KPA,,,,,,,,,,,,
1721152434.0,0.0,0.0,0.0,0.0,0.0,0.0,0.0,0.0,1794.0,2.0,1.72,11.4,0.0,0.0,0.0,0.0,14.7,12.92,1.04,KPA,1.47,2.69,0.01,0.51,,,,,,,,
1721152434.0,0.0,0.0,0.0,0.0,0.0,0.0,0.0,0.0,1794.0,2.0,1.72,11.4,0.0,0.0,0.0,0.0,14.7,12.92,1.04,KPA,1.47,2.69,0.01,0.51,0.01,0.55,0.01,0.04,,,,
1721152434.0,0.0,0.0,0.0,0.0,0.0,0.0,0.0,0.0,1794.0,2.0,1.72,11.4,0.0,0.0,0.0,0.0,14.7,12.92,1.04,KPA,1.47,2.69,0.01,0.51,0.01,0.55,0.01,0.04,,,,
1721152434.0,0.0,0.0,0.0,0.0,0.0,0.0,0.0,0.0,1794.0,2.0,1.72,11.4,0.0,0.0,0.0,0.0,14.7,12.92,1.04,KPA,1.47,2.69,0.01,0.51,0.01,0.55,0.01,0.04,,,,
1721152434.0,0.0,0.0,0.0,0.0,0.0,0.0,0.0,0.0,1823.0,2.0,1.72,11.4,0.0,0.0,0.0,0.0,14.7,12.92,1.04,KPA,1.47,2.69,0.01,0.51,0.01,0.55,0.01,0.04,,,,
1721152434.0,0.0,0.0,0.0,0.0,0.0,0.0,0.0,0.0,1823.0,2.0,1.72,11.4,0.0,0.0,0.0,0.0,14.7,12.92,1.04,KPA,1.47,2.69,0.01,0.51,0.01,0.55,0.01,0.04,,,,
1721152434.0,0.0,0.0,0.0,0.0,0.0,0.0,0.0,0.0,1823.0,2.0,1.72,11.4,0.0,0.0,0.0,0.0,14.7,12.73,1.04,KPA,1.47,2.69,0.01,0.51,0.01,0.55,0.01,0.04,,,,
1721152434.0,0.0,0.0,0.0,0.0,0.0,0.0,0.0,0.0,1751.0,2.0,1.72,11.4,0.0,0.0,0.0,0.0,14.7,12.73,1.04,KPA,1.47,2.69,0.01,0.51,0.01,0.55,0.01,0.04,,,,
1721152434.0,0.0,0.0,0.0,0.0,0.0,0.0,0.0,0.0,1751.0,2.0,1.72,11.4,0.0,0.0,0.0,0.0,14.7,12.93,1.04,KPA,1.47,2.69,0.01,0.51,0.01,0.55,0.01,0.04,,,,
1721152434.0,0.0,0.0,0.0,0.0,0.0,0.0,0.0,0.0,1751.0,2.0,1.72,11.4,0.0,0.0,0.0,0.0,14.7,12.93,1.04,KPA,1.43,2.69,0.01,0.51,0.01,0.55,0.01,0.04,,,,
1721152434.0,0.0,0.0,0.0,0.0,0.0,0.0,0.0,0.0,1751.0,2.0,1.72,11.4,0.0,0.0,0.0,0.0,14.7,12.93,1.04,KPA,1.43,2.69,0.01,0.51,0.01,0.55,0.01,0.04,,,,
1721152434.0,0.0,0.0,0.0,0.0,0.0,0.0,0.0,0.0,1751.0,2.0,1.72,11.4,0.0,0.0,0.0,0.0,14.7,12.93,1.04,KPA,1.43,2.69,0.01,0.51,0.01,0.55,0.01,0.04,,,,
1721152434.0,0.0,0.0,0.0,0.0,0.0,0.0,0.0,0.0,1751.0,2.0,1.72,11.4,0.0,0.0,0.0,0.0,14.7,12.93,1.04,KPA,1.43,2.69,0.01,0.51,0.01,0.55,0.01,0.04,,,,
1721152434.0,0.0,0.0,0.0,0.0,0.0,0.0,0.0,0.0,1773.0,2.0,1.72,17.4,0.0,0.0,0.0,0.0,14.7,12.93,1.04,KPA,1.43,2.69,0.01,0.51,0.01,0.55,0.01,0.04,,,,
1721152434.0,0.0,0.0,0.0,0.0,0.0,0.0,0.0,0.0,1773.0,2.0,1.72,17.4,0.0,0.0,0.0,0.0,14.7,12.93,1.04,KPA,1.43,2.69,0.01,0.51,0.01,0.55,0.01,0.04,,,,
1721152434.0,0.0,0.0,0.0,0.0,0.0,0.0,0.0,0.0,1773.0,2.0,1.72,17.4,0.0,0.0,0.0,0.0,14.7,12.84,1.04,KPA,1.43,2.69,0.01,0.51,0.01,0.55,0.01,0.04,,,,
1721152434.0,0.0,0.0,0.0,0.0,0.0,0.0,0.0,0.0,1754.0,2.0,1.72,17.4,0.0,0.0,0.0,0.0,14.7,12.84,1.04,KPA,1.43,2.69,0.01,0.51,0.01,0.55,0.01,0.04,,,,
1721152434.0,0.0,0.0,0.0,0.0,0.0,0.0,0.0,0.0,1754.0,2.0,1.72,17.4,0.0,0.0,0.0,0.0,14.7,12.93,1.04,KPA,1.43,2.69,0.01,0.51,0.01,0.55,0.01,0.04,,,,
1721152434.0,0.0,0.0,0.0,0.0,0.0,0.0,0.0,0.0,1754.0,2.0,1.72,17.4,0.0,0.0,0.0,0.0,14.7,12.93,1.04,KPA,1.48,2.69,0.01,0.51,0.01,0.55,0.01,0.04,,,,
1721152434.0,0.0,0.0,0.0,0.0,0.0,0.0,0.0,0.0,1754.0,2.0,1.72,17.4,0.0,0.0,0.0,0.0,14.7,12.93,1.04,KPA,1.48,2.69,0.01,0.51,0.01,0.55,0.01,0.04,,,,
1721152434.0,0.0,0.0,0.0,0.0,0.0,0.0,0.0,0.0,1754.0,2.0,1.72,17.4,0.0,0.0,0.0,0.0,14.7,12.93,1.04,KPA,1.48,2.69,0.01,0.51,0.01,0.55,0.01,0.04,,,,
1721152434.0,0.0,0.0,0.0,0.0,0.0,0.0,0.0,0.0,1754.0,2.0,1.72,17.4,0.0,0.0,0.0,0.0,14.7,12.93,1.04,KPA,1.48,2.69,0.01,0.51,0.01,0.55,0.01,0.04,,,,
1721152434.0,0.0,0.0,0.0,0.0,0.0,0.0,0.0,0.0,1835.0,2.0,1.72,17.4,0.0,0.0,0.0,0.0,14.7,12.93,1.04,KPA,1.48,2.69,0.01,0.51,0.01,0.55,0.01,0.04,,,,
1721152434.0,0.0,0.0,0.0,0.0,0.0,0.0,0.0,0.0,1835.0,2.0,1.72,17.4,0.0,0.0,0.0,0.0,14.7,12.93,1.04,KPA,1.48,2.69,0.01,0.51,0.01,0.55,0.01,0.04,,,,
1721152434.0,0.0,0.0,0.0,0.0,0.0,0.0,0.0,0.0,1835.0,2.0,1.72,17.4,0.0,0.0,0.0,0.0,14.7,12.72,1.04,KPA,1.48,2.69,0.01,0.51,0.01,0.55,0.01,0.04,,,,
1721152434.0,0.0,0.0,0.0,0.0,0.0,0.0,0.0,0.0,1755.0,2.0,1.72,14.6,0.0,0.0,0.0,0.0,14.7,12.72,1.04,KPA,1.48,2.69,0.01,0.51,0.01,0.55,0.01,0.04,,,,
1721152434.0,0.0,0.0,0.0,0.0,0.0,0.0,0.0,0.0,1755.0,2.0,1.72,14.6,0.0,0.0,0.0,0.0,14.7,12.93,1.04,KPA,1.48,2.69,0.01,0.51,0.01,0.55,0.01,0.04,,,,
1721152434.0,0.0,0.0,0.0,0.0,0.0,0.0,0.0,0.0,1755.0,2.0,1.72,14.6,0.0,0.0,0.0,0.0,14.7,12.93,1.04,KPA,1.44,2.69,0.01,0.51,0.01,0.55,0.01,0.04,,,,
1721152434.0,0.0,0.0,0.0,0.0,0.0,0.0,0.0,0.0,1755.0,2.0,1.72,14.6,0.0,0.0,0.0,0.0,14.7,12.93,1.04,KPA,1.44,2.69,0.01,0.51,0.01,0.55,0.01,0.04,,,,
1721152434.0,0.0,0.0,0.0,0.0,0.0,0.0,0.0,0.0,1755.0,2.0,1.72,14.6,0.0,0.0,0.0,0.0,14.7,12.93,1.04,KPA,1.44,2.69,0.01,0.51,0.01,0.55,0.01,0.04,,,,
1721152434.0,0.0,0.0,0.0,0.0,0.0,0.0,0.0,0.0,1755.0,2.0,1.72,14.6,0.0,0.0,0.0,0.0,14.7,12.93,1.04,KPA,1.44,2.69,0.01,0.51,0.01,0.55,0.01,0.04,,,,
1721152434.0,0.0,0.0,0.0,0.0,0.0,0.0,0.0,0.0,1805.0,2.0,1.72,14.6,0.0,0.0,0.0,0.0,14.7,12.93,1.04,KPA,1.44,2.69,0.01,0.51,0.01,0.55,0.01,0.04,,,,
1721152434.0,0.0,0.0,0.0,0.0,0.0,0.0,0.0,0.0,1805.0,2.0,1.72,14.6,0.0,0.0,0.0,0.0,14.7,12.93,1.04,KPA,1.44,2.69,0.01,0.51,0.01,0.55,0.01,0.04,,,,
1721152434.0,0.0,0.0,0.0,0.0,0.0,0.0,0.0,0.0,1805.0,2.0,1.72,14.6,0.0,0.0,0.0,0.0,14.7,12.79,1.04,KPA,1.44,2.69,0.01,0.51,0.01,0.55,0.01,0.04,,,,
1721152434.0,0.0,0.0,0.0,0.0,0.0,0.0,0.0,0.0,1805.0,2.0,1.72,14.6,0.0,0.0,0.0,0.0,14.7,12.79,1.04,KPA,1.44,2.69,0.01,0.51,0.01,0.55,0.01,0.04,14.1,100.6,206.8,C
1721152434.0,0.0,0.0,0.0,0.0,0.0,0.0,0.0,0.0,1728.0,2.0,1.72,14.6,0.0,0.0,0.0,0.0,14.7,12.79,1.04,KPA,1.44,2.69,0.01,0.51,0.01,0.55,0.01,0.04,14.1,100.6,206.8,C
1721152434.0,0.0,0.0,0.0,0.0,0.0,0.0,0.0,0.0,1728.0,2.0,1.72,14.6,0.0,0.0,0.0,0.0,14.7,12.85,1.04,KPA,1.44,2.69,0.01,0.51,0.01,0.55,0.01,0.04,14.1,100.6,206.8,C
1721152434.0,0.0,0.0,0.0,0.0,0.0,0.0,0.0,0.0,1728.0,2.0,1.72,14.6,0.0,0.0,0.0,0.0,14.7,12.85,1.04,KPA,1.45,2.68,0.01,0.51,0.01,0.55,0.01,0.04,14.1,100.6,206.8,C
1721152434.0,0.0,0.0,0.0,0.0,0.0,0.0,0.0,0.0,1728.0,2.0,1.72,14.6,0.0,0.0,0.0,0.0,14.7,12.85,1.04,KPA,1.45,2.68,0.01,0.51,0.01,0.55,0.01,0.04,14.1,100.6,206.8,C
1721152434.0,0.0,0.0,0.0,0.0,0.0,0.0,0.0,0.0,1728.0,2.0,1.72,14.6,0.0,0.0,0.0,0.0,14.7,12.85,1.04,KPA,1.45,2.68,0.01,0.51,0.01,0.55,0.01,0.04,14.1,100.6,206.8,C
1721152434.0,0.0,0.0,0.0,0.0,0.0,0.0,0.0,0.0,1728.0,2.0,1.72,14.6,0.0,0.0,0.0,0.0,14.7,12.85,1.04,KPA,1.45,2.68,0.01,0.51,0.01,0.55,0.01,0.04,14.1,100.6,206.8,C
1721152434.0,0.0,0.0,0.0,0.0,0.0,0.0,0.0,0.0,1738.0,2.0,1.72,16.3,0.0,0.0,0.0,0.0,14.7,12.85,1.04,KPA,1.45,2.68,0.01,0.51,0.01,0.55,0.01,0.04,14.1,100.6,206.8,C
1721152434.0,0.0,0.0,0.0,0.0,0.0,0.0,0.0,0.0,1738.0,2.0,1.72,16.3,0.0,0.0,0.0,0.0,14.7,12.85,1.04,KPA,1.45,2.68,0.01,0.51,0.01,0.55,0.01,0.04,14.1,100.6,206.8,C
1721152434.0,0.0,0.0,0.0,0.0,0.0,0.0,0.0,0.0,1738.0,2.0,1.72,16.3,0.0,0.0,0.0,0.0,14.7,12.84,1.04,KPA,1.45,2.68,0.01,0.51,0.01,0.55,0.01,0.04,14.1,100.6,206.8,C
1721152434.0,0.0,0.0,0.0,0.0,0.0,0.0,0.0,0.0,1760.0,2.0,1.72,16.3,0.0,0.0,0.0,0.0,14.7,12.84,1.04,KPA,1.45,2.68,0.01,0.51,0.01,0.55,0.01,0.04,14.1,100.6,206.8,C
1721152434.0,0.0,0.0,0.0,0.0,0.0,0.0,0.0,0.0,1760.0,2.0,1.72,16.3,0.0,0.0,0.0,0.0,14.7,12.85,1.04,KPA,1.45,2.68,0.01,0.51,0.01,0.55,0.01,0.04,14.1,100.6,206.8,C
1721152434.0,0.0,0.0,0.0,0.0,0.0,0.0,0.0,0.0,1760.0,2.0,1.72,16.3,0.0,0.0,0.0,0.0,14.7,12.85,1.04,KPA,1.45,2.69,0.01,0.51,0.01,0.55,0.01,0.04,14.1,100.6,206.8,C
1721152434.0,0.0,0.0,0.0,0.0,0.0,0.0,0.0,0.0,1760.0,2.0,1.72,16.3,0.0,0.0,0.0,0.0,14.7,12.85,1.04,KPA,1.45,2.69,0.01,0.51,0.01,0.55,0.01,0.04,14.1,100.6,206.8,C
1721152434.0,0.0,0.0,0.0,0.0,0.0,0.0,0.0,0.0,1760.0,2.0,1.72,16.3,0.0,0.0,0.0,0.0,14.7,12.85,1.04,KPA,1.45,2.69,0.01,0.51,0.01,0.55,0.01,0.04,14.1,100.6,206.8,C
1721152434.0,0.0,0.0,0.0,0.0,0.0,0.0,0.0,0.0,1760.0,2.0,1.72,16.3,0.0,0.0,0.0,0.0,14.7,12.85,1.04,KPA,1.45,2.69,0.01,0.51,0.01,0.55,0.01,0.04,14.1,100.6,206.8,C
1721152434.0,0.0,0.0,0.0,0.0,0.0,0.0,0.0,0.0,1858.0,2.0,1.73,16.3,0.0,0.0,0.0,0.0,14.7,12.85,1.04,KPA,1.45,2.69,0.01,0.51,0.01,0.55,0.01,0.04,14.1,100.6,206.8,C
1721152434.0,0.0,0.0,0.0,0.0,0.0,0.0,0.0,0.0,1858.0,2.0,1.73,16.3,0.0,0.0,0.0,0.0,14.7,12.85,1.04,KPA,1.45,2.69,0.01,0.51,0.01,0.55,0.01,0.04,14.1,100.6,206.8,C
1721152434.0,0.0,0.0,0.0,0.0,0.0,0.0,0.0,0.0,1858.0,2.0,1.73,16.3,0.0,0.0,0.0,0.0,14.7,12.77,1.04,KPA,1.45,2.69,0.01,0.51,0.01,0.55,0.01,0.04,14.1,100.6,206.8,C
1721152434.0,0.0,0.0,0.0,0.0,0.0,0.0,0.0,0.0,1769.0,2.0,1.72,16.3,0.0,0.0,0.0,0.0,14.7,12.77,1.04,KPA,1.45,2.69,0.01,0.51,0.01,0.55,0.01,0.04,14.1,100.6,206.8,C
1721152434.0,0.0,0.0,0.0,0.0,0.0,0.0,0.0,0.0,1769.0,2.0,1.72,16.3,0.0,0.0,0.0,0.0,14.7,12.91,1.04,KPA,1.45,2.69,0.01,0.51,0.01,0.55,0.01,0.04,14.1,100.6,206.8,C
1721152434.0,0.0,0.0,0.0,0.0,0.0,0.0,0.0,0.0,1769.0,2.0,1.72,16.3,0.0,0.0,0.0,0.0,14.7,12.91,1.04,KPA,1.43,2.68,0.01,0.51,0.01,0.55,0.01,0.04,14.1,100.6,206.8,C
1721152434.0,0.0,0.0,0.0,0.0,0.0,0.0,0.0,0.0,1769.0,2.0,1.72,16.3,0.0,0.0,0.0,0.0,14.7,12.91,1.04,KPA,1.43,2.68,0.01,0.51,0.01,0.55,0.01,0.04,14.1,100.6,206.8,C
1721152434.0,0.0,0.0,0.0,0.0,0.0,0.0,0.0,0.0,1769.0,2.0,1.72,16.3,0.0,0.0,0.0,0.0,14.7,12.91,1.04,KPA,1.43,2.68,0.01,0.51,0.01,0.55,0.01,0.04,14.1,100.6,206.8,C
1721152434.0,0.0,0.0,0.0,0.0,0.0,0.0,0.0,0.0,1769.0,2.0,1.72,16.3,0.0,0.0,0.0,0.0,14.7,12.91,1.04,KPA,1.43,2.68,0.01,0.51,0.01,0.55,0.01,0.04,14.1,100.6,206.8,C
1721152434.0,0.0,0.0,0.0,0.0,0.0,0.0,0.0,0.0,1820.0,2.0,1.72,15.5,0.0,0.0,0.0,0.0,14.7,12.91,1.04,KPA,1.43,2.68,0.01,0.51,0.01,0.55,0.01,0.04,14.1,100.6,206.8,C
1721152434.0,0.0,0.0,0.0,0.0,0.0,0.0,0.0,0.0,1820.0,2.0,1.72,15.5,0.0,0.0,0.0,0.0,14.7,12.91,1.04,KPA,1.43,2.68,0.01,0.51,0.01,0.55,0.01,0.04,14.1,100.6,206.8,C
1721152434.0,0.0,0.0,0.0,0.0,0.0,0.0,0.0,0.0,1820.0,2.0,1.72,15.5,0.0,0.0,0.0,0.0,14.7,12.81,1.04,KPA,1.43,2.68,0.01,0.51,0.01,0.55,0.01,0.04,14.1,100.6,206.8,C
1721152434.0,0.0,0.0,0.0,0.0,0.0,0.0,0.0,0.0,1796.0,2.0,1.89,15.5,0.0,0.0,0.0,0.0,14.7,12.81,1.04,KPA,1.43,2.68,0.01,0.51,0.01,0.55,0.01,0.04,14.1,100.6,206.8,C
1721152434.0,0.0,0.0,0.0,0.0,0.0,0.0,0.0,0.0,1796.0,2.0,1.89,15.5,0.0,0.0,0.0,0.0,14.7,12.83,1.04,KPA,1.43,2.68,0.01,0.51,0.01,0.55,0.01,0.04,14.1,100.6,206.8,C
1721152434.0,0.0,0.0,0.0,0.0,0.0,0.0,0.0,0.0,1796.0,2.0,1.89,15.5,0.0,0.0,0.0,0.0,14.7,12.83,1.04,KPA,1.44,2.68,0.01,0.51,0.01,0.55,0.01,0.04,14.1,100.6,206.8,C
1721152434.0,0.0,0.0,0.0,0.0,0.0,0.0,0.0,0.0,1796.0,2.0,1.89,15.5,0.0,0.0,0.0,0.0,14.7,12.83,1.04,KPA,1.44,2.68,0.01,0.51,0.01,0.55,0.01,0.04,14.1,100.6,206.8,C
1721152434.0,0.0,0.0,0.0,0.0,0.0,0.0,0.0,0.0,1796.0,2.0,1.89,15.5,0.0,0.0,0.0,0.0,14.7,12.83,1.04,KPA,1.44,2.68,0.01,0.51,0.01,0.55,0.01,0.04,14.1,100.6,206.8,C
1721152434.0,0.0,0.0,0.0,0.0,0.0,0.0,0.0,0.0,1796.0,2.0,1.89,15.5,0.0,0.0,0.0,0.0,14.7,12.83,1.04,KPA,1.44,2.68,0.01,0.51,0.01,0.55,0.01,0.04,14.1,100.6,206.8,C
1721152435.0,0.0,0.0,0.0,0.0,0.0,0.0,0.0,0.0,1806.0,2.0,1.78,15.5,0.0,0.0,0.0,0.0,14.7,12.83,1.04,KPA,1.44,2.68,0.01,0.51,0.01,0.55,0.01,0.04,14.1,100.6,206.8,C
1721152435.0,0.0,0.0,0.0,0.0,0.0,0.0,0.0,0.0,1806.0,2.0,1.78,15.5,0.0,0.0,0.0,0.0,14.7,12.83,1.04,KPA,1.44,2.68,0.01,0.51,0.01,0.55,0.01,0.04,14.1,100.6,206.8,C
1721152435.0,0.0,0.0,0.0,0.0,0.0,0.0,0.0,0.0,1806.0,2.0,1.78,15.5,0.0,0.0,0.0,0.0,14.7,12.76,1.04,KPA,1.44,2.68,0.01,0.51,0.01,0.55,0.01,0.04,14.1,100.6,206.8,C
1721152435.0,0.0,0.0,0.0,0.0,0.0,0.0,0.0,0.0,2013.0,2.0,1.72,14.5,0.0,0.0,0.0,0.0,14.7,12.76,1.04,KPA,1.44,2.68,0.01,0.51,0.01,0.55,0.01,0.04,14.1,100.6,206.8,C
1721152435.0,0.0,0.0,0.0,0.0,0.0,0.0,0.0,0.0,2013.0,2.0,1.72,14.5,0.0,0.0,0.0,0.0,14.7,12.77,1.04,KPA,1.44,2.68,0.01,0.51,0.01,0.55,0.01,0.04,14.1,100.6,206.8,C
1721152435.0,0.0,0.0,0.0,0.0,0.0,0.0,0.0,0.0,2013.0,2.0,1.72,14.5,0.0,0.0,0.0,0.0,14.7,12.77,1.04,KPA,1.51,2.68,0.01,0.51,0.01,0.55,0.01,0.04,14.1,100.6,206.8,C
1721152435.0,0.0,0.0,0.0,0.0,0.0,0.0,0.0,0.0,2013.0,2.0,1.72,14.5,0.0,0.0,0.0,0.0,14.7,12.77,1.04,KPA,1.51,2.68,0.01,0.51,0.01,0.55,0.01,0.04,14.1,100.6,206.8,C
1721152435.0,0.0,0.0,0.0,0.0,0.0,0.0,0.0,0.0,2013.0,2.0,1.72,14.5,0.0,0.0,0.0,0.0,14.7,12.77,1.04,KPA,1.51,2.68,0.01,0.51,0.01,0.55,0.01,0.04,14.1,100.6,206.8,C
1721152435.0,0.0,0.0,0.0,0.0,0.0,0.0,0.0,0.0,2013.0,2.0,1.72,14.5,0.0,0.0,0.0,0.0,14.7,12.77,1.04,KPA,1.51,2.68,0.01,0.51,0.01,0.55,0.01,0.04,14.1,100.6,206.8,C
1721152435.0,0.0,0.0,0.0,0.0,0.0,0.0,0.0,0.0,2007.0,2.0,1.73,14.5,0.0,0.0,0.0,0.0,14.7,12.77,1.04,KPA,1.51,2.68,0.01,0.51,0.01,0.55,0.01,0.04,14.1,100.6,206.8,C
1721152435.0,0.0,0.0,0.0,0.0,0.0,0.0,0.0,0.0,2007.0,2.0,1.73,14.5,0.0,0.0,0.0,0.0,14.7,12.77,1.04,KPA,1.51,2.68,0.01,0.51,0.01,0.55,0.01,0.04,14.1,100.6,206.8,C
1721152435.0,0.0,0.0,0.0,0.0,0.0,0.0,0.0,0.0,2007.0,2.0,1.73,14.5,0.0,0.0,0.0,0.0,14.7,12.45,1.04,KPA,1.51,2.68,0.01,0.51,0.01,0.55,0.01,0.04,14.1,100.6,206.8,C
1721152435.0,0.0,0.0,0.0,0.0,0.0,0.0,0.0,0.0,1811.0,2.0,1.72,14.5,0.0,0.0,0.0,0.0,14.7,12.45,1.04,KPA,1.51,2.68,0.01,0.51,0.01,0.55,0.01,0.04,14.1,100.6,206.8,C
1721152435.0,0.0,0.0,0.0,0.0,0.0,0.0,0.0,0.0,1811.0,2.0,1.72,14.5,0.0,0.0,0.0,0.0,14.7,12.53,1.04,KPA,1.51,2.68,0.01,0.51,0.01,0.55,0.01,0.04,14.1,100.6,206.8,C
1721152435.0,0.0,0.0,0.0,0.0,0.0,0.0,0.0,0.0,1811.0,2.0,1.72,14.5,0.0,0.0,0.0,0.0,14.7,12.53,1.04,KPA,1.43,2.68,0.01,0.51,0.01,0.55,0.01,0.04,14.1,100.6,206.8,C
1721152435.0,0.0,0.0,0.0,0.0,0.0,0.0,0.0,0.0,1811.0,2.0,1.72,14.5,0.0,0.0,0.0,0.0,14.7,12.53,1.04,KPA,1.43,2.68,0.01,0.51,0.01,0.55,0.01,0.04,14.1,100.6,206.8,C
1721152435.0,0.0,0.0,0.0,0.0,0.0,0.0,0.0,0.0,1811.0,2.0,1.72,14.5,0.0,0.0,0.0,0.0,14.7,12.53,1.04,KPA,1.43,2.68,0.01,0.51,0.01,0.55,0.01,0.04,14.1,100.6,206.8,C
1721152435.0,0.0,0.0,0.0,0.0,0.0,0.0,0.0,0.0,1811.0,2.0,1.72,14.5,0.0,0.0,0.0,0.0,14.7,12.53,1.04,KPA,1.43,2.68,0.01,0.51,0.01,0.55,0.01,0.04,14.1,100.6,206.8,C
1721152435.0,0.0,0.0,0.0,0.0,0.0,0.0,0.0,0.0,1814.0,2.0,1.72,14.5,0.0,0.0,0.0,0.0,14.7,12.53,1.04,KPA,1.43,2.68,0.01,0.51,0.01,0.55,0.01,0.04,14.1,100.6,206.8,C
1721152435.0,0.0,0.0,0.0,0.0,0.0,0.0,0.0,0.0,1814.0,2.0,1.72,14.5,0.0,0.0,0.0,0.0,14.7,12.53,1.04,KPA,1.43,2.68,0.01,0.51,0.01,0.55,0.01,0.04,14.1,100.6,206.8,C
1721152435.0,0.0,0.0,0.0,0.0,0.0,0.0,0.0,0.0,1814.0,2.0,1.72,14.5,0.0,0.0,0.0,0.0,14.7,12.64,1.04,KPA,1.43,2.68,0.01,0.51,0.01,0.55,0.01,0.04,14.1,100.6,206.8,C
1721152435.0,0.0,0.0,0.0,0.0,0.0,0.0,0.0,0.0,1849.0,2.0,1.72,13.7,0.0,0.0,0.0,0.0,14.7,12.64,1.04,KPA,1.43,2.68,0.01,0.51,0.01,0.55,0.01,0.04,14.1,100.6,206.8,C
1721152435.0,0.0,0.0,0.0,0.0,0.0,0.0,0.0,0.0,1849.0,2.0,1.72,13.7,0.0,0.0,0.0,0.0,14.7,12.56,1.04,KPA,1.43,2.68,0.01,0.51,0.01,0.55,0.01,0.04,14.1,100.6,206.8,C
1721152435.0,0.0,0.0,0.0,0.0,0.0,0.0,0.0,0.0,1849.0,2.0,1.72,13.7,0.0,0.0,0.0,0.0,14.7,12.56,1.04,KPA,1.46,2.68,0.01,0.51,0.01,0.55,0.01,0.04,14.1,100.6,206.8,C
1721152435.0,0.0,0.0,0.0,0.0,0.0,0.0,0.0,0.0,1849.0,2.0,1.72,13.7,0.0,0.0,0.0,0.0,14.7,12.56,1.04,KPA,1.46,2.68,0.01,0.51,0.01,0.55,0.01,0.04,14.1,100.6,206.8,C
1721152435.0,0.0,0.0,0.0,0.0,0.0,0.0,0.0,0.0,1849.0,2.0,1.72,13.7,0.0,0.0,0.0,0.0,14.7,12.56,1.04,KPA,1.46,2.68,0.01,0.51,0.01,0.55,0.01,0.04,14.1,100.6,206.8,C
1721152435.0,0.0,0.0,0.0,0.0,0.0,0.0,0.0,0.0,1849.0,2.0,1.72,13.7,0.0,0.0,0.0,0.0,14.7,12.56,1.04,KPA,1.46,2.68,0.01,0.51,0.01,0.55,0.01,0.04,14.1,100.6,206.8,C
1721152435.0,0.0,0.0,0.0,0.0,0.0,0.0,0.0,0.0,1840.0,2.0,1.72,13.7,0.0,0.0,0.0,0.0,14.7,12.56,1.04,KPA,1.46,2.68,0.01,0.51,0.01,0.55,0.01,0.04,14.1,100.6,206.8,C
1721152435.0,0.0,0.0,0.0,0.0,0.0,0.0,0.0,0.0,1840.0,2.0,1.72,13.7,0.0,0.0,0.0,0.0,14.7,12.56,1.04,KPA,1.46,2.68,0.01,0.51,0.01,0.55,0.01,0.04,14.1,100.6,206.8,C
1721152435.0,0.0,0.0,0.0,0.0,0.0,0.0,0.0,0.0,1840.0,2.0,1.72,13.7,0.0,0.0,0.0,0.0,14.7,12.76,1.04,KPA,1.46,2.68,0.01,0.51,0.01,0.55,0.01,0.04,14.1,100.6,206.8,C
1721152435.0,0.0,0.0,0.0,0.0,0.0,0.0,0.0,0.0,1867.0,2.0,1.72,13.7,0.0,0.0,0.0,0.0,14.7,12.76,1.04,KPA,1.46,2.68,0.01,0.51,0.01,0.55,0.01,0.04,14.1,100.6,206.8,C
1721152435.0,0.0,0.0,0.0,0.0,0.0,0.0,0.0,0.0,1867.0,2.0,1.72,13.7,0.0,0.0,0.0,0.0,14.7,12.8,1.04,KPA,1.46,2.68,0.01,0.51,0.01,0.55,0.01,0.04,14.1,100.6,206.8,C
1721152435.0,0.0,0.0,0.0,0.0,0.0,0.0,0.0,0.0,1867.0,2.0,1.72,13.7,0.0,0.0,0.0,0.0,14.7,12.8,1.04,KPA,1.47,2.68,0.01,0.51,0.01,0.55,0.01,0.04,14.1,100.6,206.8,C
1721152435.0,0.0,0.0,0.0,0.0,0.0,0.0,0.0,0.0,1867.0,2.0,1.72,13.7,0.0,0.0,0.0,0.0,14.7,12.8,1.04,KPA,1.47,2.68,0.01,0.51,0.01,0.55,0.01,0.04,14.1,100.6,206.8,C
1721152435.0,0.0,0.0,0.0,0.0,0.0,0.0,0.0,0.0,1867.0,2.0,1.72,13.7,0.0,0.0,0.0,0.0,14.7,12.8,1.04,KPA,1.47,2.68,0.01,0.51,0.01,0.55,0.01,0.04,14.1,100.6,206.8,C
1721152435.0,0.0,0.0,0.0,0.0,0.0,0.0,0.0,0.0,1867.0,2.0,1.72,13.7,0.0,0.0,0.0,0.0,14.7,12.8,1.04,KPA,1.47,2.68,0.01,0.51,0.01,0.55,0.01,0.04,14.1,100.6,206.8,C
1721152435.0,0.0,0.0,0.0,0.0,0.0,0.0,0.0,0.0,1848.0,2.0,1.72,13.7,0.0,0.0,0.0,0.0,14.7,12.8,1.04,KPA,1.47,2.68,0.01,0.51,0.01,0.55,0.01,0.04,14.1,100.6,206.8,C
1721152435.0,0.0,0.0,0.0,0.0,0.0,0.0,0.0,0.0,1848.0,2.0,1.72,13.7,0.0,0.0,0.0,0.0,14.7,12.8,1.04,KPA,1.47,2.68,0.01,0.51,0.01,0.55,0.01,0.04,14.1,100.6,206.8,C
1721152435.0,0.0,0.0,0.0,0.0,0.0,0.0,0.0,0.0,1848.0,2.0,1.72,13.7,0.0,0.0,0.0,0.0,14.7,12.81,1.04,KPA,1.47,2.68,0.01,0.51,0.01,0.55,0.01,0.04,14.1,100.6,206.8,C
1721152435.0,0.0,0.0,0.0,0.0,0.0,0.0,0.0,0.0,1854.0,2.0,1.72,14.1,0.0,0.0,0.0,0.0,14.7,12.81,1.04,KPA,1.47,2.68,0.01,0.51,0.01,0.55,0.01,0.04,14.1,100.6,206.8,C
1721152435.0,0.0,0.0,0.0,0.0,0.0,0.0,0.0,0.0,1854.0,2.0,1.72,14.1,0.0,0.0,0.0,0.0,14.7,12.79,1.04,KPA,1.47,2.68,0.01,0.51,0.01,0.55,0.01,0.04,14.1,100.6,206.8,C
1721152435.0,0.0,0.0,0.0,0.0,0.0,0.0,0.0,0.0,1854.0,2.0,1.72,14.1,0.0,0.0,0.0,0.0,14.7,12.79,1.04,KPA,1.47,2.68,0.01,0.51,0.01,0.55,0.01,0.04,14.1,100.6,206.8,C
1721152435.0,0.0,0.0,0.0,0.0,0.0,0.0,0.0,0.0,1854.0,2.0,1.72,14.1,0.0,0.0,0.0,0.0,14.7,12.79,1.04,KPA,1.47,2.68,0.01,0.51,0.01,0.55,0.01,0.04,14.1,100.6,206.8,C
1721152435.0,0.0,0.0,0.0,0.0,0.0,0.0,0.0,0.0,1854.0,2.0,1.72,14.1,0.0,0.0,0.0,0.0,14.7,12.79,1.04,KPA,1.47,2.68,0.01,0.51,0.01,0.55,0.01,0.04,14.1,100.6,206.8,C
1721152435.0,0.0,0.0,0.0,0.0,0.0,0.0,0.0,0.0,1854.0,2.0,1.72,14.1,0.0,0.0,0.0,0.0,14.7,12.79,1.04,KPA,1.47,2.68,0.01,0.51,0.01,0.55,0.01,0.04,14.1,100.6,206.8,C
1721152435.0,0.0,0.0,0.0,0.0,0.0,0.0,0.0,0.0,1913.0,2.0,1.72,14.1,0.0,0.0,0.0,0.0,14.7,12.79,1.04,KPA,1.47,2.68,0.01,0.51,0.01,0.55,0.01,0.04,14.1,100.6,206.8,C
1721152435.0,0.0,0.0,0.0,0.0,0.0,0.0,0.0,0.0,1913.0,2.0,1.72,14.1,0.0,0.0,0.0,0.0,14.7,12.79,1.04,KPA,1.47,2.68,0.01,0.51,0.01,0.55,0.01,0.04,14.1,100.6,206.8,C
1721152435.0,0.0,0.0,0.0,0.0,0.0,0.0,0.0,0.0,1913.0,2.0,1.72,14.1,0.0,0.0,0.0,0.0,14.7,12.79,1.04,KPA,1.47,2.68,0.01,0.51,0.01,0.55,0.01,0.04,14.1,100.6,206.8,C
1721152435.0,0.0,0.0,0.0,0.0,0.0,0.0,0.0,0.0,1774.0,2.0,1.72,14.1,0.0,0.0,0.0,0.0,14.7,12.79,1.04,KPA,1.47,2.68,0.01,0.51,0.01,0.55,0.01,0.04,14.1,100.6,206.8,C
1721152435.0,0.0,0.0,0.0,0.0,0.0,0.0,0.0,0.0,1774.0,2.0,1.72,14.1,0.0,0.0,0.0,0.0,14.7,12.85,1.04,KPA,1.47,2.68,0.01,0.51,0.01,0.55,0.01,0.04,14.1,100.6,206.8,C
1721152435.0,0.0,0.0,0.0,0.0,0.0,0.0,0.0,0.0,1774.0,2.0,1.72,14.1,0.0,0.0,0.0,0.0,14.7,12.85,1.04,KPA,1.43,2.68,0.01,0.51,0.01,0.55,0.01,0.04,14.1,100.6,206.8,C
1721152435.0,0.0,0.0,0.0,0.0,0.0,0.0,0.0,0.0,1774.0,2.0,1.72,14.1,0.0,0.0,0.0,0.0,14.7,12.85,1.04,KPA,1.43,2.68,0.01,0.51,0.01,0.55,0.01,0.04,14.1,100.6,206.8,C
1721152435.0,0.0,0.0,0.0,0.0,0.0,0.0,0.0,0.0,1774.0,2.0,1.72,14.1,0.0,0.0,0.0,0.0,14.7,12.85,1.04,KPA,1.43,2.68,0.01,0.51,0.01,0.55,0.01,0.04,14.1,100.6,206.8,C
1721152435.0,0.0,0.0,0.0,0.0,0.0,0.0,0.0,0.0,1774.0,2.0,1.72,14.1,0.0,0.0,0.0,0.0,14.7,12.85,1.04,KPA,1.43,2.68,0.01,0.51,0.01,0.55,0.01,0.04,14.1,100.6,206.8,C
1721152435.0,0.0,0.0,0.0,0.0,0.0,0.0,0.0,0.0,1765.0,2.0,1.72,14.1,0.0,0.0,0.0,0.0,14.7,12.85,1.04,KPA,1.43,2.68,0.01,0.51,0.01,0.55,0.01,0.04,14.1,100.6,206.8,C
1721152435.0,0.0,0.0,0.0,0.0,0.0,0.0,0.0,0.0,1765.0,2.0,1.72,14.1,0.0,0.0,0.0,0.0,14.7,12.85,1.04,KPA,1.43,2.68,0.01,0.51,0.01,0.55,0.01,0.04,14.1,100.6,206.8,C
1721152435.0,0.0,0.0,0.0,0.0,0.0,0.0,0.0,0.0,1765.0,2.0,1.72,14.1,0.0,0.0,0.0,0.0,14.7,12.88,1.04,KPA,1.43,2.68,0.01,0.51,0.01,0.55,0.01,0.04,14.1,100.6,206.8,C
1721152435.0,0.0,0.0,0.0,0.0,0.0,0.0,0.0,0.0,1765.0,2.0,1.72,14.1,0.0,0.0,0.0,0.0,14.7,12.88,1.04,KPA,1.43,2.68,0.01,0.51,0.01,0.55,0.01,0.04,14.1,100.6,206.8,C
1721152435.0,0.0,0.0,0.0,0.0,0.0,0.0,0.0,0.0,1842.0,2.0,1.72,16.0,0.0,0.0,0.0,0.0,14.7,12.88,1.04,KPA,1.43,2.68,0.01,0.51,0.01,0.55,0.01,0.04,14.1,100.6,206.8,C
1721152435.0,0.0,0.0,0.0,0.0,0.0,0.0,0.0,0.0,1842.0,2.0,1.72,16.0,0.0,0.0,0.0,0.0,14.7,12.77,1.04,KPA,1.43,2.68,0.01,0.51,0.01,0.55,0.01,0.04,14.1,100.6,206.8,C
1721152435.0,0.0,0.0,0.0,0.0,0.0,0.0,0.0,0.0,1842.0,2.0,1.72,16.0,0.0,0.0,0.0,0.0,14.7,12.77,1.04,KPA,1.44,2.68,0.01,0.51,0.01,0.55,0.01,0.04,14.1,100.6,206.8,C
1721152435.0,0.0,0.0,0.0,0.0,0.0,0.0,0.0,0.0,1842.0,2.0,1.72,16.0,0.0,0.0,0.0,0.0,14.7,12.77,1.04,KPA,1.44,2.68,0.01,0.51,0.01,0.55,0.01,0.04,14.1,100.6,206.8,C
1721152435.0,0.0,0.0,0.0,0.0,0.0,0.0,0.0,0.0,1842.0,2.0,1.72,16.0,0.0,0.0,0.0,0.0,14.7,12.77,1.04,KPA,1.44,2.68,0.01,0.51,0.01,0.55,0.01,0.04,14.1,100.6,206.8,C
1721152435.0,0.0,0.0,0.0,0.0,0.0,0.0,0.0,0.0,1842.0,2.0,1.72,16.0,0.0,0.0,0.0,0.0,14.7,12.77,1.04,KPA,1.44,2.68,0.01,0.51,0.01,0.55,0.01,0.04,14.1,100.6,206.8,C
1721152435.0,0.0,0.0,0.0,0.0,0.0,0.0,0.0,0.0,1808.0,2.0,1.72,16.0,0.0,0.0,0.0,0.0,14.7,12.77,1.04,KPA,1.44,2.68,0.01,0.51,0.01,0.55,0.01,0.04,14.1,100.6,206.8,C
1721152435.0,0.0,0.0,0.0,0.0,0.0,0.0,0.0,0.0,1808.0,2.0,1.72,16.0,0.0,0.0,0.0,0.0,14.7,12.77,1.04,KPA,1.44,2.68,0.01,0.51,0.01,0.55,0.01,0.04,14.1,100.6,206.8,C
1721152435.0,0.0,0.0,0.0,0.0,0.0,0.0,0.0,0.0,1808.0,2.0,1.72,16.0,0.0,0.0,0.0,0.0,14.7,12.88,1.04,KPA,1.44,2.68,0.01,0.51,0.01,0.55,0.01,0.04,14.1,100.6,206.8,C
1721152435.0,0.0,0.0,0.0,0.0,0.0,0.0,0.0,0.0,1764.0,2.0,1.72,16.0,0.0,0.0,0.0,0.0,14.7,12.88,1.04,KPA,1.44,2.68,0.01,0.51,0.01,0.55,0.01,0.04,14.1,100.6,206.8,C
1721152435.0,0.0,0.0,0.0,0.0,0.0,0.0,0.0,0.0,1764.0,2.0,1.72,16.0,0.0,0.0,0.0,0.0,14.7,12.81,1.04,KPA,1.44,2.68,0.01,0.51,0.01,0.55,0.01,0.04,14.1,100.6,206.8,C
1721152435.0,0.0,0.0,0.0,0.0,0.0,0.0,0.0,0.0,1764.0,2.0,1.72,16.0,0.0,0.0,0.0,0.0,14.7,12.81,1.04,KPA,1.47,2.68,0.01,0.51,0.01,0.55,0.01,0.04,14.1,100.6,206.8,C
1721152435.0,0.0,0.0,0.0,0.0,0.0,0.0,0.0,0.0,1764.0,2.0,1.72,16.0,0.0,0.0,0.0,0.0,14.7,12.81,1.04,KPA,1.47,2.68,0.01,0.51,0.01,0.55,0.01,0.04,14.1,100.6,206.8,C
1721152435.0,0.0,0.0,0.0,0.0,0.0,0.0,0.0,0.0,1764.0,2.0,1.72,16.0,0.0,0.0,0.0,0.0,14.7,12.81,1.04,KPA,1.47,2.68,0.01,0.51,0.01,0.55,0.01,0.04,14.1,100.6,206.8,C
1721152435.0,0.0,0.0,0.0,0.0,0.0,0.0,0.0,0.0,1764.0,2.0,1.72,16.0,0.0,0.0,0.0,0.0,14.7,12.81,1.04,KPA,1.47,2.68,0.01,0.51,0.01,0.55,0.01,0.04,14.1,100.6,206.8,C
1721152435.0,0.0,0.0,0.0,0.0,0.0,0.0,0.0,0.0,1850.0,2.0,1.72,15.0,0.0,0.0,0.0,0.0,14.7,12.81,1.04,KPA,1.47,2.68,0.01,0.51,0.01,0.55,0.01,0.04,14.1,100.6,206.8,C
1721152435.0,0.0,0.0,0.0,0.0,0.0,0.0,0.0,0.0,1850.0,2.0,1.72,15.0,0.0,0.0,0.0,0.0,14.7,12.81,1.04,KPA,1.47,2.68,0.01,0.51,0.01,0.55,0.01,0.04,14.1,100.6,206.8,C
1721152435.0,0.0,0.0,0.0,0.0,0.0,0.0,0.0,0.0,1850.0,2.0,1.72,15.0,0.0,0.0,0.0,0.0,14.7,12.81,1.04,KPA,1.47,2.68,0.01,0.51,0.01,0.55,0.01,0.04,14.1,100.6,206.8,C
1721152435.0,0.0,0.0,0.0,0.0,0.0,0.0,0.0,0.0,1769.0,2.0,1.72,15.0,0.0,0.0,0.0,0.0,14.7,12.81,1.04,KPA,1.47,2.68,0.01,0.51,0.01,0.55,0.01,0.04,14.1,100.6,206.8,C
1721152435.0,0.0,0.0,0.0,0.0,0.0,0.0,0.0,0.0,1769.0,2.0,1.72,15.0,0.0,0.0,0.0,0.0,14.7,12.8,1.04,KPA,1.47,2.68,0.01,0.51,0.01,0.55,0.01,0.04,14.1,100.6,206.8,C
1721152435.0,0.0,0.0,0.0,0.0,0.0,0.0,0.0,0.0,1769.0,2.0,1.72,15.0,0.0,0.0,0.0,0.0,14.7,12.8,1.04,KPA,1.42,2.68,0.01,0.51,0.01,0.55,0.01,0.04,14.1,100.6,206.8,C
1721152435.0,0.0,0.0,0.0,0.0,0.0,0.0,0.0,0.0,1769.0,2.0,1.72,15.0,0.0,0.0,0.0,0.0,14.7,12.8,1.04,KPA,1.42,2.68,0.01,0.51,0.01,0.55,0.01,0.04,14.1,100.6,206.8,C
1721152435.0,0.0,0.0,0.0,0.0,0.0,0.0,0.0,0.0,1769.0,2.0,1.72,15.0,0.0,0.0,0.0,0.0,14.7,12.8,1.04,KPA,1.42,2.68,0.01,0.51,0.01,0.55,0.01,0.04,14.1,100.6,206.8,C
1721152435.0,0.0,0.0,0.0,0.0,0.0,0.0,0.0,0.0,1769.0,2.0,1.72,15.0,0.0,0.0,0.0,0.0,14.7,12.8,1.04,KPA,1.42,2.68,0.01,0.51,0.01,0.55,0.01,0.04,14.1,100.6,206.8,C
1721152435.0,0.0,0.0,0.0,0.0,0.0,0.0,0.0,0.0,1753.0,2.0,1.72,15.0,0.0,0.0,0.0,0.0,14.7,12.8,1.04,KPA,1.42,2.68,0.01,0.51,0.01,0.55,0.01,0.04,14.1,100.6,206.8,C
1721152435.0,0.0,0.0,0.0,0.0,0.0,0.0,0.0,0.0,1753.0,2.0,1.72,15.0,0.0,0.0,0.0,0.0,14.7,12.8,1.04,KPA,1.42,2.68,0.01,0.51,0.01,0.55,0.01,0.04,14.1,100.6,206.8,C
1721152435.0,0.0,0.0,0.0,0.0,0.0,0.0,0.0,0.0,1753.0,2.0,1.72,15.0,0.0,0.0,0.0,0.0,14.7,12.99,1.04,KPA,1.42,2.68,0.01,0.51,0.01,0.55,0.01,0.04,14.1,100.6,206.8,C
1721152435.0,0.0,0.0,0.0,0.0,0.0,0.0,0.0,0.0,1737.0,2.0,1.72,17.2,0.0,0.0,0.0,0.0,14.7,12.99,1.04,KPA,1.42,2.68,0.01,0.51,0.01,0.55,0.01,0.04,14.1,100.6,206.8,C
1721152435.0,0.0,0.0,0.0,0.0,0.0,0.0,0.0,0.0,1737.0,2.0,1.72,17.2,0.0,0.0,0.0,0.0,14.7,12.92,1.04,KPA,1.42,2.68,0.01,0.51,0.01,0.55,0.01,0.04,14.1,100.6,206.8,C
1721152435.0,0.0,0.0,0.0,0.0,0.0,0.0,0.0,0.0,1737.0,2.0,1.72,17.2,0.0,0.0,0.0,0.0,14.7,12.92,1.04,KPA,1.43,2.68,0.01,0.51,0.01,0.55,0.01,0.04,14.1,100.6,206.8,C
1721152435.0,0.0,0.0,0.0,0.0,0.0,0.0,0.0,0.0,1737.0,2.0,1.72,17.2,0.0,0.0,0.0,0.0,14.7,12.92,1.04,KPA,1.43,2.68,0.01,0.51,0.01,0.55,0.01,0.04,14.1,100.6,206.8,C
1721152435.0,0.0,0.0,0.0,0.0,0.0,0.0,0.0,0.0,1737.0,2.0,1.72,17.2,0.0,0.0,0.0,0.0,14.7,12.92,1.04,KPA,1.43,2.68,0.01,0.51,0.01,0.55,0.01,0.04,14.1,100.6,206.8,C
1721152435.0,0.0,0.0,0.0,0.0,0.0,0.0,0.0,0.0,1737.0,2.0,1.72,17.2,0.0,0.0,0.0,0.0,14.7,12.92,1.04,KPA,1.43,2.68,0.01,0.51,0.01,0.55,0.01,0.04,14.1,100.6,206.8,C
1721152436.0,0.0,0.0,0.0,0.0,0.0,0.0,0.0,0.0,1783.0,2.0,1.72,17.2,0.0,0.0,0.0,0.0,14.7,12.92,1.04,KPA,1.43,2.68,0.01,0.51,0.01,0.55,0.01,0.04,14.1,100.6,206.8,C
1721152436.0,0.0,0.0,0.0,0.0,0.0,0.0,0.0,0.0,1783.0,2.0,1.72,17.2,0.0,0.0,0.0,0.0,14.7,12.92,1.04,KPA,1.43,2.68,0.01,0.51,0.01,0.55,0.01,0.04,14.1,100.6,206.8,C
1721152436.0,0.0,0.0,0.0,0.0,0.0,0.0,0.0,0.0,1783.0,2.0,1.72,17.2,0.0,0.0,0.0,0.0,14.7,12.87,1.04,KPA,1.43,2.68,0.01,0.51,0.01,0.55,0.01,0.04,14.1,100.6,206.8,C
1721152436.0,0.0,0.0,0.0,0.0,0.0,0.0,0.0,0.0,1730.0,2.0,1.72,17.2,0.0,0.0,0.0,0.0,14.7,12.87,1.04,KPA,1.43,2.68,0.01,0.51,0.01,0.55,0.01,0.04,14.1,100.6,206.8,C
1721152436.0,0.0,0.0,0.0,0.0,0.0,0.0,0.0,0.0,1730.0,2.0,1.72,17.2,0.0,0.0,0.0,0.0,14.7,12.81,1.04,KPA,1.43,2.68,0.01,0.51,0.01,0.55,0.01,0.04,14.1,100.6,206.8,C
1721152436.0,0.0,0.0,0.0,0.0,0.0,0.0,0.0,0.0,1730.0,2.0,1.72,17.2,0.0,0.0,0.0,0.0,14.7,12.81,1.04,KPA,1.45,2.68,0.01,0.51,0.01,0.55,0.01,0.04,14.1,100.6,206.8,C
1721152436.0,0.0,0.0,0.0,0.0,0.0,0.0,0.0,0.0,1730.0,2.0,1.72,17.2,0.0,0.0,0.0,0.0,14.7,12.81,1.04,KPA,1.45,2.68,0.01,0.51,0.01,0.55,0.01,0.04,14.1,100.6,206.8,C
1721152436.0,0.0,0.0,0.0,0.0,0.0,0.0,0.0,0.0,1730.0,2.0,1.72,17.2,0.0,0.0,0.0,0.0,14.7,12.81,1.04,KPA,1.45,2.68,0.01,0.51,0.01,0.55,0.01,0.04,14.1,100.6,206.8,C
1721152436.0,0.0,0.0,0.0,0.0,0.0,0.0,0.0,0.0,1730.0,2.0,1.72,17.2,0.0,0.0,0.0,0.0,14.7,12.81,1.04,KPA,1.45,2.68,0.01,0.51,0.01,0.55,0.01,0.04,14.1,100.6,206.8,C
1721152436.0,0.0,0.0,0.0,0.0,0.0,0.0,0.0,0.0,1788.0,2.0,1.72,19.5,0.0,0.0,0.0,0.0,14.7,12.81,1.04,KPA,1.45,2.68,0.01,0.51,0.01,0.55,0.01,0.04,14.1,100.6,206.8,C
1721152436.0,0.0,0.0,0.0,0.0,0.0,0.0,0.0,0.0,1788.0,2.0,1.72,19.5,0.0,0.0,0.0,0.0,14.7,12.81,1.04,KPA,1.45,2.68,0.01,0.51,0.01,0.55,0.01,0.04,14.1,100.6,206.8,C
1721152436.0,0.0,0.0,0.0,0.0,0.0,0.0,0.0,0.0,1788.0,2.0,1.72,19.5,0.0,0.0,0.0,0.0,14.7,12.81,1.04,KPA,1.45,2.68,0.01,0.51,0.01,0.55,0.01,0.04,14.1,100.6,206.8,C
1721152436.0,0.0,0.0,0.0,0.0,0.0,0.0,0.0,0.0,1806.0,2.0,1.72,19.5,0.0,0.0,0.0,0.0,14.7,12.81,1.04,KPA,1.45,2.68,0.01,0.51,0.01,0.55,0.01,0.04,14.1,100.6,206.8,C
1721152436.0,0.0,0.0,0.0,0.0,0.0,0.0,0.0,0.0,1806.0,2.0,1.72,19.5,0.0,0.0,0.0,0.0,14.7,12.79,1.04,KPA,1.45,2.68,0.01,0.51,0.01,0.55,0.01,0.04,14.1,100.6,206.8,C
1721152436.0,0.0,0.0,0.0,0.0,0.0,0.0,0.0,0.0,1806.0,2.0,1.72,19.5,0.0,0.0,0.0,0.0,14.7,12.79,1.04,KPA,1.44,2.68,0.01,0.51,0.01,0.55,0.01,0.04,14.1,100.6,206.8,C
1721152436.0,0.0,0.0,0.0,0.0,0.0,0.0,0.0,0.0,1806.0,2.0,1.72,19.5,0.0,0.0,0.0,0.0,14.7,12.79,1.04,KPA,1.44,2.68,0.01,0.51,0.01,0.55,0.01,0.04,14.1,100.6,206.8,C
1721152436.0,0.0,0.0,0.0,0.0,0.0,0.0,0.0,0.0,1806.0,2.0,1.72,19.5,0.0,0.0,0.0,0.0,14.7,12.79,1.04,KPA,1.44,2.68,0.01,0.51,0.01,0.55,0.01,0.04,14.1,100.6,206.8,C
1721152436.0,0.0,0.0,0.0,0.0,0.0,0.0,0.0,0.0,1806.0,2.0,1.72,19.5,0.0,0.0,0.0,0.0,14.7,12.79,1.04,KPA,1.44,2.68,0.01,0.51,0.01,0.55,0.01,0.04,14.1,100.6,206.8,C
1721152436.0,0.0,0.0,0.0,0.0,0.0,0.0,0.0,0.0,1827.0,2.0,1.72,19.5,0.0,0.0,0.0,0.0,14.7,12.79,1.04,KPA,1.44,2.68,0.01,0.51,0.01,0.55,0.01,0.04,14.1,100.6,206.8,C
1721152436.0,0.0,0.0,0.0,0.0,0.0,0.0,0.0,0.0,1827.0,2.0,1.72,19.5,0.0,0.0,0.0,0.0,14.7,12.79,1.04,KPA,1.44,2.68,0.01,0.51,0.01,0.55,0.01,0.04,14.1,100.6,206.8,C
1721152436.0,0.0,0.0,0.0,0.0,0.0,0.0,0.0,0.0,1827.0,2.0,1.72,19.5,0.0,0.0,0.0,0.0,14.7,12.68,1.04,KPA,1.44,2.68,0.01,0.51,0.01,0.55,0.01,0.04,14.1,100.6,206.8,C
1721152436.0,0.0,0.0,0.0,0.0,0.0,0.0,0.0,0.0,1764.0,2.0,1.72,15.0,0.0,0.0,0.0,0.0,14.7,12.68,1.04,KPA,1.44,2.68,0.01,0.51,0.01,0.55,0.01,0.04,14.1,100.6,206.8,C
1721152436.0,0.0,0.0,0.0,0.0,0.0,0.0,0.0,0.0,1764.0,2.0,1.72,15.0,0.0,0.0,0.0,0.0,14.7,12.77,1.04,KPA,1.44,2.68,0.01,0.51,0.01,0.55,0.01,0.04,14.1,100.6,206.8,C
1721152436.0,0.0,0.0,0.0,0.0,0.0,0.0,0.0,0.0,1764.0,2.0,1.72,15.0,0.0,0.0,0.0,0.0,14.7,12.77,1.04,KPA,1.48,2.68,0.01,0.51,0.01,0.55,0.01,0.04,14.1,100.6,206.8,C
1721152436.0,0.0,0.0,0.0,0.0,0.0,0.0,0.0,0.0,1764.0,2.0,1.72,15.0,0.0,0.0,0.0,0.0,14.7,12.77,1.04,KPA,1.48,2.68,0.01,0.51,0.01,0.55,0.01,0.04,14.1,100.6,206.8,C
1721152436.0,0.0,0.0,0.0,0.0,0.0,0.0,0.0,0.0,1764.0,2.0,1.72,15.0,0.0,0.0,0.0,0.0,14.7,12.77,1.04,KPA,1.48,2.68,0.01,0.51,0.01,0.55,0.01,0.04,14.1,100.6,206.8,C
1721152436.0,0.0,0.0,0.0,0.0,0.0,0.0,0.0,0.0,1764.0,2.0,1.72,15.0,0.0,0.0,0.0,0.0,14.7,12.77,1.04,KPA,1.48,2.68,0.01,0.51,0.01,0.55,0.01,0.04,14.1,100.6,206.8,C
1721152436.0,0.0,0.0,0.0,0.0,0.0,0.0,0.0,0.0,1845.0,2.0,1.72,15.0,0.0,0.0,0.0,0.0,14.7,12.77,1.04,KPA,1.48,2.68,0.01,0.51,0.01,0.55,0.01,0.04,14.1,100.6,206.8,C
1721152436.0,0.0,0.0,0.0,0.0,0.0,0.0,0.0,0.0,1845.0,2.0,1.72,15.0,0.0,0.0,0.0,0.0,14.7,12.77,1.04,KPA,1.48,2.68,0.01,0.51,0.01,0.55,0.01,0.04,14.1,100.6,206.8,C
1721152436.0,0.0,0.0,0.0,0.0,0.0,0.0,0.0,0.0,1845.0,2.0,1.72,15.0,0.0,0.0,0.0,0.0,14.7,12.81,1.04,KPA,1.48,2.68,0.01,0.51,0.01,0.55,0.01,0.04,14.1,100.6,206.8,C
1721152436.0,0.0,0.0,0.0,0.0,0.0,0.0,0.0,0.0,1784.0,2.0,1.72,15.0,0.0,0.0,0.0,0.0,14.7,12.81,1.04,KPA,1.48,2.68,0.01,0.51,0.01,0.55,0.01,0.04,14.1,100.6,206.8,C
1721152436.0,0.0,0.0,0.0,0.0,0.0,0.0,0.0,0.0,1784.0,2.0,1.72,15.0,0.0,0.0,0.0,0.0,14.7,12.79,1.04,KPA,1.48,2.68,0.01,0.51,0.01,0.55,0.01,0.04,14.1,100.6,206.8,C
1721152436.0,0.0,0.0,0.0,0.0,0.0,0.0,0.0,0.0,1784.0,2.0,1.72,15.0,0.0,0.0,0.0,0.0,14.7,12.79,1.04,KPA,1.44,2.68,0.01,0.51,0.01,0.55,0.01,0.04,14.1,100.6,206.8,C
1721152436.0,0.0,0.0,0.0,0.0,0.0,0.0,0.0,0.0,1784.0,2.0,1.72,15.0,0.0,0.0,0.0,0.0,14.7,12.79,1.04,KPA,1.44,2.68,0.01,0.51,0.01,0.56,0.01,0.04,14.1,100.6,206.8,C
1721152436.0,0.0,0.0,0.0,0.0,0.0,0.0,0.0,0.0,1784.0,2.0,1.72,15.0,0.0,0.0,0.0,0.0,14.7,12.79,1.04,KPA,1.44,2.68,0.01,0.51,0.01,0.56,0.01,0.04,14.1,100.6,206.8,C
1721152436.0,0.0,0.0,0.0,0.0,0.0,0.0,0.0,0.0,1784.0,2.0,1.72,15.0,0.0,0.0,0.0,0.0,14.7,12.79,1.04,KPA,1.44,2.68,0.01,0.51,0.01,0.56,0.01,0.04,14.1,100.6,206.8,C
1721152436.0,0.0,0.0,0.0,0.0,0.0,0.0,0.0,0.0,1808.0,2.0,1.72,15.0,0.0,0.0,0.0,0.0,14.7,12.79,1.04,KPA,1.44,2.68,0.01,0.51,0.01,0.56,0.01,0.04,14.1,100.6,206.8,C
1721152436.0,0.0,0.0,0.0,0.0,0.0,0.0,0.0,0.0,1808.0,2.0,1.72,15.0,0.0,0.0,0.0,0.0,14.7,12.79,1.04,KPA,1.44,2.68,0.01,0.51,0.01,0.56,0.01,0.04,14.1,100.6,206.8,C
1721152436.0,0.0,0.0,0.0,0.0,0.0,0.0,0.0,0.0,1808.0,2.0,1.72,15.0,0.0,0.0,0.0,0.0,14.7,12.79,1.04,KPA,1.44,2.68,0.01,0.51,0.01,0.56,0.01,0.04,14.1,100.6,206.8,C
1721152436.0,0.0,0.0,0.0,0.0,0.0,0.0,0.0,0.0,1779.0,2.0,1.72,17.8,0.0,0.0,0.0,0.0,14.7,12.79,1.04,KPA,1.44,2.68,0.01,0.51,0.01,0.56,0.01,0.04,14.1,100.6,206.8,C
1721152436.0,0.0,0.0,0.0,0.0,0.0,0.0,0.0,0.0,1779.0,2.0,1.72,17.8,0.0,0.0,0.0,0.0,14.7,12.77,1.04,KPA,1.44,2.68,0.01,0.51,0.01,0.56,0.01,0.04,14.1,100.6,206.8,C
1721152436.0,0.0,0.0,0.0,0.0,0.0,0.0,0.0,0.0,1779.0,2.0,1.72,17.8,0.0,0.0,0.0,0.0,14.7,12.77,1.04,KPA,1.46,2.68,0.01,0.51,0.01,0.56,0.01,0.04,14.1,100.6,206.8,C
1721152436.0,0.0,0.0,0.0,0.0,0.0,0.0,0.0,0.0,1779.0,2.0,1.72,17.8,0.0,0.0,0.0,0.0,14.7,12.77,1.04,KPA,1.46,2.68,0.01,0.51,0.01,0.55,0.01,0.04,14.1,100.6,206.8,C
1721152436.0,0.0,0.0,0.0,0.0,0.0,0.0,0.0,0.0,1779.0,2.0,1.72,17.8,0.0,0.0,0.0,0.0,14.7,12.77,1.04,KPA,1.46,2.68,0.01,0.51,0.01,0.55,0.01,0.04,14.1,100.6,206.8,C
1721152436.0,0.0,0.0,0.0,0.0,0.0,0.0,0.0,0.0,1779.0,2.0,1.72,17.8,0.0,0.0,0.0,0.0,14.7,12.77,1.04,KPA,1.46,2.68,0.01,0.51,0.01,0.55,0.01,0.04,14.1,100.6,206.8,C
1721152436.0,0.0,0.0,0.0,0.0,0.0,0.0,0.0,0.0,1856.0,2.0,1.72,17.8,0.0,0.0,0.0,0.0,14.7,12.77,1.04,KPA,1.46,2.68,0.01,0.51,0.01,0.55,0.01,0.04,14.1,100.6,206.8,C
1721152436.0,0.0,0.0,0.0,0.0,0.0,0.0,0.0,0.0,1856.0,2.0,1.72,17.8,0.0,0.0,0.0,0.0,14.7,12.77,1.04,KPA,1.46,2.68,0.01,0.51,0.01,0.55,0.01,0.04,14.1,100.6,206.8,C
1721152436.0,0.0,0.0,0.0,0.0,0.0,0.0,0.0,0.0,1856.0,2.0,1.72,17.8,0.0,0.0,0.0,0.0,14.7,12.75,1.04,KPA,1.46,2.68,0.01,0.51,0.01,0.55,0.01,0.04,14.1,100.6,206.8,C
1721152436.0,0.0,0.0,0.0,0.0,0.0,0.0,0.0,0.0,1752.0,2.0,1.72,17.8,0.0,0.0,0.0,0.0,14.7,12.75,1.04,KPA,1.46,2.68,0.01,0.51,0.01,0.55,0.01,0.04,14.1,100.6,206.8,C
1721152436.0,0.0,0.0,0.0,0.0,0.0,0.0,0.0,0.0,1752.0,2.0,1.72,17.8,0.0,0.0,0.0,0.0,14.7,12.75,1.04,KPA,1.46,2.68,0.01,0.51,0.01,0.55,0.01,0.04,14.1,100.6,206.8,C
1721152436.0,0.0,0.0,0.0,0.0,0.0,0.0,0.0,0.0,1752.0,2.0,1.72,17.8,0.0,0.0,0.0,0.0,14.7,12.75,1.04,KPA,1.48,2.68,0.01,0.51,0.01,0.55,0.01,0.04,14.1,100.6,206.8,C
1721152436.0,0.0,0.0,0.0,0.0,0.0,0.0,0.0,0.0,1752.0,2.0,1.72,17.8,0.0,0.0,0.0,0.0,14.7,12.75,1.04,KPA,1.48,2.68,0.01,0.51,0.01,0.56,0.01,0.04,14.1,100.6,206.8,C
1721152436.0,0.0,0.0,0.0,0.0,0.0,0.0,0.0,0.0,1752.0,2.0,1.72,17.8,0.0,0.0,0.0,0.0,14.7,12.75,1.04,KPA,1.48,2.68,0.01,0.51,0.01,0.56,0.01,0.04,14.1,100.6,206.8,C
1721152436.0,0.0,0.0,0.0,0.0,0.0,0.0,0.0,0.0,1752.0,2.0,1.72,17.8,0.0,0.0,0.0,0.0,14.7,12.75,1.04,KPA,1.48,2.68,0.01,0.51,0.01,0.56,0.01,0.04,14.1,100.6,206.8,C
1721152436.0,0.0,0.0,0.0,0.0,0.0,0.0,0.0,0.0,1867.0,2.0,1.72,17.8,0.0,0.0,0.0,0.0,14.7,12.75,1.04,KPA,1.48,2.68,0.01,0.51,0.01,0.56,0.01,0.04,14.1,100.6,206.8,C
1721152436.0,0.0,0.0,0.0,0.0,0.0,0.0,0.0,0.0,1867.0,2.0,1.72,17.8,0.0,0.0,0.0,0.0,14.7,12.75,1.04,KPA,1.48,2.68,0.01,0.51,0.01,0.56,0.01,0.04,14.1,100.6,206.8,C
1721152436.0,0.0,0.0,0.0,0.0,0.0,0.0,0.0,0.0,1867.0,2.0,1.72,17.8,0.0,0.0,0.0,0.0,14.7,12.81,1.04,KPA,1.48,2.68,0.01,0.51,0.01,0.56,0.01,0.04,14.1,100.6,206.8,C
1721152436.0,0.0,0.0,0.0,0.0,0.0,0.0,0.0,0.0,1867.0,2.0,1.72,17.8,0.0,0.0,0.0,0.0,14.7,12.81,1.04,KPA,1.48,2.68,0.01,0.51,0.01,0.56,0.01,0.04,14.0,100.6,206.8,C
1721152436.0,0.0,0.0,0.0,0.0,0.0,0.0,0.0,0.0,1755.0,2.0,1.72,13.7,0.0,0.0,0.0,0.0,14.7,12.81,1.04,KPA,1.48,2.68,0.01,0.51,0.01,0.56,0.01,0.04,14.0,100.6,206.8,C
1721152436.0,0.0,0.0,0.0,0.0,0.0,0.0,0.0,0.0,1755.0,2.0,1.72,13.7,0.0,0.0,0.0,0.0,14.7,12.73,1.04,KPA,1.48,2.68,0.01,0.51,0.01,0.56,0.01,0.04,14.0,100.6,206.8,C
1721152436.0,0.0,0.0,0.0,0.0,0.0,0.0,0.0,0.0,1755.0,2.0,1.72,13.7,0.0,0.0,0.0,0.0,14.7,12.73,1.04,KPA,1.43,2.68,0.01,0.51,0.01,0.56,0.01,0.04,14.0,100.6,206.8,C
1721152436.0,0.0,0.0,0.0,0.0,0.0,0.0,0.0,0.0,1755.0,2.0,1.72,13.7,0.0,0.0,0.0,0.0,14.7,12.73,1.04,KPA,1.43,2.68,0.01,0.51,0.01,0.55,0.01,0.04,14.0,100.6,206.8,C
1721152436.0,0.0,0.0,0.0,0.0,0.0,0.0,0.0,0.0,1755.0,2.0,1.72,13.7,0.0,0.0,0.0,0.0,14.7,12.73,1.04,KPA,1.43,2.68,0.01,0.51,0.01,0.55,0.01,0.04,14.0,100.6,206.8,C
1721152436.0,0.0,0.0,0.0,0.0,0.0,0.0,0.0,0.0,1755.0,2.0,1.72,13.7,0.0,0.0,0.0,0.0,14.7,12.73,1.04,KPA,1.43,2.68,0.01,0.51,0.01,0.55,0.01,0.04,14.0,100.6,206.8,C
1721152436.0,0.0,0.0,0.0,0.0,0.0,0.0,0.0,0.0,1769.0,2.0,1.72,13.7,0.0,0.0,0.0,0.0,14.7,12.73,1.04,KPA,1.43,2.68,0.01,0.51,0.01,0.55,0.01,0.04,14.0,100.6,206.8,C
1721152436.0,0.0,0.0,0.0,0.0,0.0,0.0,0.0,0.0,1769.0,2.0,1.72,13.7,0.0,0.0,0.0,0.0,14.7,12.73,1.04,KPA,1.43,2.68,0.01,0.51,0.01,0.55,0.01,0.04,14.0,100.6,206.8,C
1721152436.0,0.0,0.0,0.0,0.0,0.0,0.0,0.0,0.0,1769.0,2.0,1.72,13.7,0.0,0.0,0.0,0.0,14.7,12.84,1.04,KPA,1.43,2.68,0.01,0.51,0.01,0.55,0.01,0.04,14.0,100.6,206.8,C
1721152436.0,0.0,0.0,0.0,0.0,0.0,0.0,0.0,0.0,1772.0,2.0,1.72,13.7,0.0,0.0,0.0,0.0,14.7,12.84,1.04,KPA,1.43,2.68,0.01,0.51,0.01,0.55,0.01,0.04,14.0,100.6,206.8,C
1721152436.0,0.0,0.0,0.0,0.0,0.0,0.0,0.0,0.0,1772.0,2.0,1.72,13.7,0.0,0.0,0.0,0.0,14.7,12.71,1.04,KPA,1.43,2.68,0.01,0.51,0.01,0.55,0.01,0.04,14.0,100.6,206.8,C
1721152436.0,0.0,0.0,0.0,0.0,0.0,0.0,0.0,0.0,1772.0,2.0,1.72,13.7,0.0,0.0,0.0,0.0,14.7,12.71,1.04,KPA,1.45,2.68,0.01,0.51,0.01,0.55,0.01,0.04,14.0,100.6,206.8,C
1721152436.0,0.0,0.0,0.0,0.0,0.0,0.0,0.0,0.0,1772.0,2.0,1.72,13.7,0.0,0.0,0.0,0.0,14.7,12.71,1.04,KPA,1.45,2.68,0.01,0.51,0.01,0.55,0.01,0.04,14.0,100.6,206.8,C
1721152436.0,0.0,0.0,0.0,0.0,0.0,0.0,0.0,0.0,1772.0,2.0,1.72,13.7,0.0,0.0,0.0,0.0,14.7,12.71,1.04,KPA,1.45,2.68,0.01,0.51,0.01,0.55,0.01,0.04,14.0,100.6,206.8,C
1721152436.0,0.0,0.0,0.0,0.0,0.0,0.0,0.0,0.0,1772.0,2.0,1.72,13.7,0.0,0.0,0.0,0.0,14.7,12.71,1.04,KPA,1.45,2.68,0.01,0.51,0.01,0.55,0.01,0.04,14.0,100.6,206.8,C
1721152436.0,0.0,0.0,0.0,0.0,0.0,0.0,0.0,0.0,1801.0,2.0,1.71,15.3,0.0,0.0,0.0,0.0,14.7,12.71,1.04,KPA,1.45,2.68,0.01,0.51,0.01,0.55,0.01,0.04,14.0,100.6,206.8,C
1721152436.0,0.0,0.0,0.0,0.0,0.0,0.0,0.0,0.0,1801.0,2.0,1.71,15.3,0.0,0.0,0.0,0.0,14.7,12.71,1.04,KPA,1.45,2.68,0.01,0.51,0.01,0.55,0.01,0.04,14.0,100.6,206.8,C
1721152436.0,0.0,0.0,0.0,0.0,0.0,0.0,0.0,0.0,1801.0,2.0,1.71,15.3,0.0,0.0,0.0,0.0,14.7,12.76,1.04,KPA,1.45,2.68,0.01,0.51,0.01,0.55,0.01,0.04,14.0,100.6,206.8,C
1721152436.0,0.0,0.0,0.0,0.0,0.0,0.0,0.0,0.0,1802.0,2.0,1.71,15.3,0.0,0.0,0.0,0.0,14.7,12.76,1.04,KPA,1.45,2.68,0.01,0.51,0.01,0.55,0.01,0.04,14.0,100.6,206.8,C
1721152436.0,0.0,0.0,0.0,0.0,0.0,0.0,0.0,0.0,1802.0,2.0,1.71,15.3,0.0,0.0,0.0,0.0,14.7,12.72,1.04,KPA,1.45,2.68,0.01,0.51,0.01,0.55,0.01,0.04,14.0,100.6,206.8,C
1721152436.0,0.0,0.0,0.0,0.0,0.0,0.0,0.0,0.0,1802.0,2.0,1.71,15.3,0.0,0.0,0.0,0.0,14.7,12.72,1.04,KPA,1.45,2.68,0.01,0.51,0.01,0.55,0.01,0.04,14.0,100.6,206.8,C
1721152436.0,0.0,0.0,0.0,0.0,0.0,0.0,0.0,0.0,1802.0,2.0,1.71,15.3,0.0,0.0,0.0,0.0,14.7,12.72,1.04,KPA,1.45,2.68,0.01,0.51,0.01,0.56,0.01,0.04,14.0,100.6,206.8,C
1721152436.0,0.0,0.0,0.0,0.0,0.0,0.0,0.0,0.0,1802.0,2.0,1.71,15.3,0.0,0.0,0.0,0.0,14.7,12.72,1.04,KPA,1.45,2.68,0.01,0.51,0.01,0.56,0.01,0.04,14.0,100.6,206.8,C
1721152436.0,0.0,0.0,0.0,0.0,0.0,0.0,0.0,0.0,1802.0,2.0,1.71,15.3,0.0,0.0,0.0,0.0,14.7,12.72,1.04,KPA,1.45,2.68,0.01,0.51,0.01,0.56,0.01,0.04,14.0,100.6,206.8,C
1721152436.0,0.0,0.0,0.0,0.0,0.0,0.0,0.0,0.0,1775.0,2.0,1.72,15.3,0.0,0.0,0.0,0.0,14.7,12.72,1.04,KPA,1.45,2.68,0.01,0.51,0.01,0.56,0.01,0.04,14.0,100.6,206.8,C
1721152436.0,0.0,0.0,0.0,0.0,0.0,0.0,0.0,0.0,1775.0,2.0,1.72,15.3,0.0,0.0,0.0,0.0,14.7,12.72,1.04,KPA,1.45,2.68,0.01,0.51,0.01,0.56,0.01,0.04,14.0,100.6,206.8,C
1721152436.0,0.0,0.0,0.0,0.0,0.0,0.0,0.0,0.0,1775.0,2.0,1.72,15.3,0.0,0.0,0.0,0.0,14.7,12.76,1.04,KPA,1.45,2.68,0.01,0.51,0.01,0.56,0.01,0.04,14.0,100.6,206.8,C
1721152436.0,0.0,0.0,0.0,0.0,0.0,0.0,0.0,0.0,1803.0,2.0,1.71,15.3,0.0,0.0,0.0,0.0,14.7,12.76,1.04,KPA,1.45,2.68,0.01,0.51,0.01,0.56,0.01,0.04,14.0,100.6,206.8,C
1721152436.0,0.0,0.0,0.0,0.0,0.0,0.0,0.0,0.0,1803.0,2.0,1.71,15.3,0.0,0.0,0.0,0.0,14.7,12.72,1.04,KPA,1.45,2.68,0.01,0.51,0.01,0.56,0.01,0.04,14.0,100.6,206.8,C
1721152436.0,0.0,0.0,0.0,0.0,0.0,0.0,0.0,0.0,1803.0,2.0,1.71,15.3,0.0,0.0,0.0,0.0,14.7,12.72,1.04,KPA,1.44,2.68,0.01,0.51,0.01,0.56,0.01,0.04,14.0,100.6,206.8,C
1721152436.0,0.0,0.0,0.0,0.0,0.0,0.0,0.0,0.0,1803.0,2.0,1.71,15.3,0.0,0.0,0.0,0.0,14.7,12.72,1.04,KPA,1.44,2.68,0.01,0.51,0.01,0.55,0.01,0.04,14.0,100.6,206.8,C
1721152436.0,0.0,0.0,0.0,0.0,0.0,0.0,0.0,0.0,1803.0,2.0,1.71,15.3,0.0,0.0,0.0,0.0,14.7,12.72,1.04,KPA,1.44,2.68,0.01,0.51,0.01,0.55,0.01,0.04,14.0,100.6,206.8,C
1721152436.0,0.0,0.0,0.0,0.0,0.0,0.0,0.0,0.0,1803.0,2.0,1.71,15.3,0.0,0.0,0.0,0.0,14.7,12.72,1.04,KPA,1.44,2.68,0.01,0.51,0.01,0.55,0.01,0.04,14.0,100.6,206.8,C
1721152437.0,0.0,0.0,0.0,0.0,0.0,0.0,0.0,0.0,1790.0,2.0,1.72,15.0,0.0,0.0,0.0,0.0,14.7,12.72,1.04,KPA,1.44,2.68,0.01,0.51,0.01,0.55,0.01,0.04,14.0,100.6,206.8,C
1721152437.0,0.0,0.0,0.0,0.0,0.0,0.0,0.0,0.0,1790.0,2.0,1.72,15.0,0.0,0.0,0.0,0.0,14.7,12.72,1.04,KPA,1.44,2.68,0.01,0.51,0.01,0.55,0.01,0.04,14.0,100.6,206.8,C
1721152437.0,0.0,0.0,0.0,0.0,0.0,0.0,0.0,0.0,1790.0,2.0,1.72,15.0,0.0,0.0,0.0,0.0,14.7,12.76,1.04,KPA,1.44,2.68,0.01,0.51,0.01,0.55,0.01,0.04,14.0,100.6,206.8,C
1721152437.0,0.0,0.0,0.0,0.0,0.0,0.0,0.0,0.0,1796.0,2.0,1.71,15.0,0.0,0.0,0.0,0.0,14.7,12.76,1.04,KPA,1.44,2.68,0.01,0.51,0.01,0.55,0.01,0.04,14.0,100.6,206.8,C
1721152437.0,0.0,0.0,0.0,0.0,0.0,0.0,0.0,0.0,1796.0,2.0,1.71,15.0,0.0,0.0,0.0,0.0,14.7,12.65,1.04,KPA,1.44,2.68,0.01,0.51,0.01,0.55,0.01,0.04,14.0,100.6,206.8,C
1721152437.0,0.0,0.0,0.0,0.0,0.0,0.0,0.0,0.0,1796.0,2.0,1.71,15.0,0.0,0.0,0.0,0.0,14.7,12.65,1.04,KPA,1.44,2.68,0.01,0.51,0.01,0.55,0.01,0.04,14.0,100.6,206.8,C
1721152437.0,0.0,0.0,0.0,0.0,0.0,0.0,0.0,0.0,1796.0,2.0,1.71,15.0,0.0,0.0,0.0,0.0,14.7,12.65,1.04,KPA,1.44,2.68,0.01,0.51,0.01,0.55,0.01,0.04,14.0,100.6,206.8,C
1721152437.0,0.0,0.0,0.0,0.0,0.0,0.0,0.0,0.0,1796.0,2.0,1.71,15.0,0.0,0.0,0.0,0.0,14.7,12.65,1.04,KPA,1.44,2.68,0.01,0.51,0.01,0.55,0.01,0.04,14.0,100.6,206.8,C
1721152437.0,0.0,0.0,0.0,0.0,0.0,0.0,0.0,0.0,1796.0,2.0,1.71,15.0,0.0,0.0,0.0,0.0,14.7,12.65,1.04,KPA,1.44,2.68,0.01,0.51,0.01,0.55,0.01,0.04,14.0,100.6,206.8,C
1721152437.0,0.0,0.0,0.0,0.0,0.0,0.0,0.0,0.0,1782.0,2.0,1.71,15.0,0.0,0.0,0.0,0.0,14.7,12.65,1.04,KPA,1.44,2.68,0.01,0.51,0.01,0.55,0.01,0.04,14.0,100.6,206.8,C
1721152437.0,0.0,0.0,0.0,0.0,0.0,0.0,0.0,0.0,1782.0,2.0,1.71,15.0,0.0,0.0,0.0,0.0,14.7,12.65,1.04,KPA,1.44,2.68,0.01,0.51,0.01,0.55,0.01,0.04,14.0,100.6,206.8,C
1721152437.0,0.0,0.0,0.0,0.0,0.0,0.0,0.0,0.0,1782.0,2.0,1.71,15.0,0.0,0.0,0.0,0.0,14.7,12.71,1.04,KPA,1.44,2.68,0.01,0.51,0.01,0.55,0.01,0.04,14.0,100.6,206.8,C
1721152437.0,0.0,0.0,0.0,0.0,0.0,0.0,0.0,0.0,1801.0,2.0,1.71,15.0,0.0,0.0,0.0,0.0,14.7,12.71,1.04,KPA,1.44,2.68,0.01,0.51,0.01,0.55,0.01,0.04,14.0,100.6,206.8,C
1721152437.0,0.0,0.0,0.0,0.0,0.0,0.0,0.0,0.0,1801.0,2.0,1.71,15.0,0.0,0.0,0.0,0.0,14.7,12.67,1.04,KPA,1.44,2.68,0.01,0.51,0.01,0.55,0.01,0.04,14.0,100.6,206.8,C
1721152437.0,0.0,0.0,0.0,0.0,0.0,0.0,0.0,0.0,1801.0,2.0,1.71,15.0,0.0,0.0,0.0,0.0,14.7,12.67,1.04,KPA,1.46,2.68,0.01,0.51,0.01,0.55,0.01,0.04,14.0,100.6,206.8,C
1721152437.0,0.0,0.0,0.0,0.0,0.0,0.0,0.0,0.0,1801.0,2.0,1.71,15.0,0.0,0.0,0.0,0.0,14.7,12.67,1.04,KPA,1.46,2.68,0.01,0.51,0.01,0.55,0.01,0.04,14.0,100.6,206.8,C
1721152437.0,0.0,0.0,0.0,0.0,0.0,0.0,0.0,0.0,1801.0,2.0,1.71,15.0,0.0,0.0,0.0,0.0,14.7,12.67,1.04,KPA,1.46,2.68,0.01,0.51,0.01,0.55,0.01,0.04,14.0,100.6,206.8,C
1721152437.0,0.0,0.0,0.0,0.0,0.0,0.0,0.0,0.0,1801.0,2.0,1.71,15.0,0.0,0.0,0.0,0.0,14.7,12.67,1.04,KPA,1.46,2.68,0.01,0.51,0.01,0.55,0.01,0.04,14.0,100.6,206.8,C
1721152437.0,0.0,0.0,0.0,0.0,0.0,0.0,0.0,0.0,1762.0,2.0,1.71,15.0,0.0,0.0,0.0,0.0,14.7,12.67,1.04,KPA,1.46,2.68,0.01,0.51,0.01,0.55,0.01,0.04,14.0,100.6,206.8,C
1721152437.0,0.0,0.0,0.0,0.0,0.0,0.0,0.0,0.0,1762.0,2.0,1.71,15.0,0.0,0.0,0.0,0.0,14.7,12.67,1.04,KPA,1.46,2.68,0.01,0.51,0.01,0.55,0.01,0.04,14.0,100.6,206.8,C
1721152437.0,0.0,0.0,0.0,0.0,0.0,0.0,0.0,0.0,1762.0,2.0,1.71,15.0,0.0,0.0,0.0,0.0,14.7,12.67,1.04,KPA,1.46,2.68,0.01,0.51,0.01,0.55,0.01,0.04,14.0,100.6,206.8,C
1721152437.0,0.0,0.0,0.0,0.0,0.0,0.0,0.0,0.0,1854.0,2.0,1.71,15.0,0.0,0.0,0.0,0.0,14.7,12.67,1.04,KPA,1.46,2.68,0.01,0.51,0.01,0.55,0.01,0.04,14.0,100.6,206.8,C
1721152437.0,0.0,0.0,0.0,0.0,0.0,0.0,0.0,0.0,1854.0,2.0,1.71,15.0,0.0,0.0,0.0,0.0,14.7,12.67,1.04,KPA,1.46,2.68,0.01,0.51,0.01,0.55,0.01,0.04,14.0,100.6,206.8,C
1721152437.0,0.0,0.0,0.0,0.0,0.0,0.0,0.0,0.0,1854.0,2.0,1.71,15.0,0.0,0.0,0.0,0.0,14.7,12.67,1.04,KPA,1.45,2.68,0.01,0.51,0.01,0.55,0.01,0.04,14.0,100.6,206.8,C
1721152437.0,0.0,0.0,0.0,0.0,0.0,0.0,0.0,0.0,1854.0,2.0,1.71,15.0,0.0,0.0,0.0,0.0,14.7,12.67,1.04,KPA,1.45,2.68,0.01,0.51,0.01,0.56,0.01,0.04,14.0,100.6,206.8,C
1721152437.0,0.0,0.0,0.0,0.0,0.0,0.0,0.0,0.0,1854.0,2.0,1.71,15.0,0.0,0.0,0.0,0.0,14.7,12.67,1.04,KPA,1.45,2.68,0.01,0.51,0.01,0.56,0.01,0.04,14.0,100.6,206.8,C
1721152437.0,0.0,0.0,0.0,0.0,0.0,0.0,0.0,0.0,1854.0,2.0,1.71,15.0,0.0,0.0,0.0,0.0,14.7,12.67,1.04,KPA,1.45,2.68,0.01,0.51,0.01,0.56,0.01,0.04,14.0,100.6,206.8,C
1721152437.0,0.0,0.0,0.0,0.0,0.0,0.0,0.0,0.0,1829.0,2.0,1.71,15.0,0.0,0.0,0.0,0.0,14.7,12.67,1.04,KPA,1.45,2.68,0.01,0.51,0.01,0.56,0.01,0.04,14.0,100.6,206.8,C
1721152437.0,0.0,0.0,0.0,0.0,0.0,0.0,0.0,0.0,1829.0,2.0,1.71,15.0,0.0,0.0,0.0,0.0,14.7,12.67,1.04,KPA,1.45,2.68,0.01,0.51,0.01,0.56,0.01,0.04,14.0,100.6,206.8,C
1721152437.0,0.0,0.0,0.0,0.0,0.0,0.0,0.0,0.0,1829.0,2.0,1.71,15.0,0.0,0.0,0.0,0.0,14.7,12.64,1.04,KPA,1.45,2.68,0.01,0.51,0.01,0.56,0.01,0.04,14.0,100.6,206.8,C
1721152437.0,0.0,0.0,0.0,0.0,0.0,0.0,0.0,0.0,1780.0,2.0,1.71,13.9,0.0,0.0,0.0,0.0,14.7,12.64,1.04,KPA,1.45,2.68,0.01,0.51,0.01,0.56,0.01,0.04,14.0,100.6,206.8,C
1721152437.0,0.0,0.0,0.0,0.0,0.0,0.0,0.0,0.0,1780.0,2.0,1.71,13.9,0.0,0.0,0.0,0.0,14.7,12.69,1.04,KPA,1.45,2.68,0.01,0.51,0.01,0.56,0.01,0.04,14.0,100.6,206.8,C
1721152437.0,0.0,0.0,0.0,0.0,0.0,0.0,0.0,0.0,1780.0,2.0,1.71,13.9,0.0,0.0,0.0,0.0,14.7,12.69,1.04,KPA,1.43,2.68,0.01,0.51,0.01,0.56,0.01,0.04,14.0,100.6,206.8,C
1721152437.0,0.0,0.0,0.0,0.0,0.0,0.0,0.0,0.0,1780.0,2.0,1.71,13.9,0.0,0.0,0.0,0.0,14.7,12.69,1.04,KPA,1.43,2.68,0.01,0.51,0.01,0.55,0.01,0.04,14.0,100.6,206.8,C
1721152437.0,0.0,0.0,0.0,0.0,0.0,0.0,0.0,0.0,1780.0,2.0,1.71,13.9,0.0,0.0,0.0,0.0,14.7,12.69,1.04,KPA,1.43,2.68,0.01,0.51,0.01,0.55,0.01,0.04,14.0,100.6,206.8,C
1721152437.0,0.0,0.0,0.0,0.0,0.0,0.0,0.0,0.0,1780.0,2.0,1.71,13.9,0.0,0.0,0.0,0.0,14.7,12.69,1.04,KPA,1.43,2.68,0.01,0.51,0.01,0.55,0.01,0.04,14.0,100.6,206.8,C
1721152437.0,0.0,0.0,0.0,0.0,0.0,0.0,0.0,0.0,1806.0,2.0,1.71,13.9,0.0,0.0,0.0,0.0,14.7,12.69,1.04,KPA,1.43,2.68,0.01,0.51,0.01,0.55,0.01,0.04,14.0,100.6,206.8,C
1721152437.0,0.0,0.0,0.0,0.0,0.0,0.0,0.0,0.0,1806.0,2.0,1.71,13.9,0.0,0.0,0.0,0.0,14.7,12.69,1.04,KPA,1.43,2.68,0.01,0.51,0.01,0.55,0.01,0.04,14.0,100.6,206.8,C
1721152437.0,0.0,0.0,0.0,0.0,0.0,0.0,0.0,0.0,1806.0,2.0,1.71,13.9,0.0,0.0,0.0,0.0,14.7,12.63,1.04,KPA,1.43,2.68,0.01,0.51,0.01,0.55,0.01,0.04,14.0,100.6,206.8,C
1721152437.0,0.0,0.0,0.0,0.0,0.0,0.0,0.0,0.0,1780.0,2.0,1.71,13.9,0.0,0.0,0.0,0.0,14.7,12.63,1.04,KPA,1.43,2.68,0.01,0.51,0.01,0.55,0.01,0.04,14.0,100.6,206.8,C
1721152437.0,0.0,0.0,0.0,0.0,0.0,0.0,0.0,0.0,1780.0,2.0,1.71,13.9,0.0,0.0,0.0,0.0,14.7,12.68,1.04,KPA,1.43,2.68,0.01,0.51,0.01,0.55,0.01,0.04,14.0,100.6,206.8,C
1721152437.0,0.0,0.0,0.0,0.0,0.0,0.0,0.0,0.0,1780.0,2.0,1.71,13.9,0.0,0.0,0.0,0.0,14.7,12.68,1.04,KPA,1.45,2.68,0.01,0.51,0.01,0.55,0.01,0.04,14.0,100.6,206.8,C
1721152437.0,0.0,0.0,0.0,0.0,0.0,0.0,0.0,0.0,1780.0,2.0,1.71,13.9,0.0,0.0,0.0,0.0,14.7,12.68,1.04,KPA,1.45,2.68,0.01,0.51,0.01,0.56,0.01,0.04,14.0,100.6,206.8,C
1721152437.0,0.0,0.0,0.0,0.0,0.0,0.0,0.0,0.0,1780.0,2.0,1.71,13.9,0.0,0.0,0.0,0.0,14.7,12.68,1.04,KPA,1.45,2.68,0.01,0.51,0.01,0.56,0.01,0.04,14.0,100.6,206.8,C
1721152437.0,0.0,0.0,0.0,0.0,0.0,0.0,0.0,0.0,1780.0,2.0,1.71,13.9,0.0,0.0,0.0,0.0,14.7,12.68,1.04,KPA,1.45,2.68,0.01,0.51,0.01,0.56,0.01,0.04,14.0,100.6,206.8,C
1721152437.0,0.0,0.0,0.0,0.0,0.0,0.0,0.0,0.0,1729.0,2.0,1.71,15.0,0.0,0.0,0.0,0.0,14.7,12.68,1.04,KPA,1.45,2.68,0.01,0.51,0.01,0.56,0.01,0.04,14.0,100.6,206.8,C
1721152437.0,0.0,0.0,0.0,0.0,0.0,0.0,0.0,0.0,1729.0,2.0,1.71,15.0,0.0,0.0,0.0,0.0,14.7,12.68,1.04,KPA,1.45,2.68,0.01,0.51,0.01,0.56,0.01,0.04,14.0,100.6,206.8,C
1721152437.0,0.0,0.0,0.0,0.0,0.0,0.0,0.0,0.0,1729.0,2.0,1.71,15.0,0.0,0.0,0.0,0.0,14.7,12.73,1.04,KPA,1.45,2.68,0.01,0.51,0.01,0.56,0.01,0.04,14.0,100.6,206.8,C
1721152437.0,0.0,0.0,0.0,0.0,0.0,0.0,0.0,0.0,1619.0,2.0,1.71,15.0,0.0,0.0,0.0,0.0,14.7,12.73,1.04,KPA,1.45,2.68,0.01,0.51,0.01,0.56,0.01,0.04,14.0,100.6,206.8,C
1721152437.0,0.0,0.0,0.0,0.0,0.0,0.0,0.0,0.0,1619.0,2.0,1.71,15.0,0.0,0.0,0.0,0.0,14.7,13.16,1.04,KPA,1.45,2.68,0.01,0.51,0.01,0.56,0.01,0.04,14.0,100.6,206.8,C
1721152437.0,0.0,0.0,0.0,0.0,0.0,0.0,0.0,0.0,1619.0,2.0,1.71,15.0,0.0,0.0,0.0,0.0,14.7,13.16,1.04,KPA,1.39,2.68,0.01,0.51,0.01,0.56,0.01,0.04,14.0,100.6,206.8,C
1721152437.0,0.0,0.0,0.0,0.0,0.0,0.0,0.0,0.0,1619.0,2.0,1.71,15.0,0.0,0.0,0.0,0.0,14.7,13.16,1.04,KPA,1.39,2.68,0.01,0.51,0.01,0.55,0.01,0.04,14.0,100.6,206.8,C
1721152437.0,0.0,0.0,0.0,0.0,0.0,0.0,0.0,0.0,1619.0,2.0,1.71,15.0,0.0,0.0,0.0,0.0,14.7,13.16,1.04,KPA,1.39,2.68,0.01,0.51,0.01,0.55,0.01,0.04,14.0,100.6,206.8,C
1721152437.0,0.0,0.0,0.0,0.0,0.0,0.0,0.0,0.0,1619.0,2.0,1.71,15.0,0.0,0.0,0.0,0.0,14.7,13.16,1.04,KPA,1.39,2.68,0.01,0.51,0.01,0.55,0.01,0.04,14.0,100.6,206.8,C
1721152437.0,0.0,0.0,0.0,0.0,0.0,0.0,0.0,0.0,1682.0,2.0,1.71,15.0,0.0,0.0,0.0,0.0,14.7,13.16,1.04,KPA,1.39,2.68,0.01,0.51,0.01,0.55,0.01,0.04,14.0,100.6,206.8,C
1721152437.0,0.0,0.0,0.0,0.0,0.0,0.0,0.0,0.0,1682.0,2.0,1.71,15.0,0.0,0.0,0.0,0.0,14.7,13.16,1.04,KPA,1.39,2.68,0.01,0.51,0.01,0.55,0.01,0.04,14.0,100.6,206.8,C
1721152437.0,0.0,0.0,0.0,0.0,0.0,0.0,0.0,0.0,1682.0,2.0,1.71,15.0,0.0,0.0,0.0,0.0,14.7,12.97,1.04,KPA,1.39,2.68,0.01,0.51,0.01,0.55,0.01,0.04,14.0,100.6,206.8,C
1721152437.0,0.0,0.0,0.0,0.0,0.0,0.0,0.0,0.0,1682.0,2.0,1.71,15.0,0.0,0.0,0.0,0.0,14.7,12.97,1.04,KPA,1.39,2.68,0.01,0.51,0.01,0.55,0.01,0.04,14.0,102.4,206.8,C
1721152437.0,0.0,0.0,0.0,0.0,0.0,0.0,0.0,0.0,1601.0,2.0,1.77,23.4,0.0,0.0,0.0,0.0,14.7,12.97,1.04,KPA,1.39,2.68,0.01,0.51,0.01,0.55,0.01,0.04,14.0,102.4,206.8,C
1721152437.0,0.0,0.0,0.0,0.0,0.0,0.0,0.0,0.0,1601.0,2.0,1.77,23.4,0.0,0.0,0.0,0.0,14.7,12.85,1.04,KPA,1.39,2.68,0.01,0.51,0.01,0.55,0.01,0.04,14.0,102.4,206.8,C
1721152437.0,0.0,0.0,0.0,0.0,0.0,0.0,0.0,0.0,1601.0,2.0,1.77,23.4,0.0,0.0,0.0,0.0,14.7,12.85,1.04,KPA,1.38,2.68,0.01,0.51,0.01,0.55,0.01,0.04,14.0,102.4,206.8,C
1721152437.0,0.0,0.0,0.0,0.0,0.0,0.0,0.0,0.0,1601.0,2.0,1.77,23.4,0.0,0.0,0.0,0.0,14.7,12.85,1.04,KPA,1.38,2.68,0.01,0.51,0.01,0.55,0.01,0.04,14.0,102.4,206.8,C
1721152437.0,0.0,0.0,0.0,0.0,0.0,0.0,0.0,0.0,1601.0,2.0,1.77,23.4,0.0,0.0,0.0,0.0,14.7,12.85,1.04,KPA,1.38,2.68,0.01,0.51,0.01,0.55,0.01,0.04,14.0,102.4,206.8,C
1721152437.0,0.0,0.0,0.0,0.0,0.0,0.0,0.0,0.0,1601.0,2.0,1.77,23.4,0.0,0.0,0.0,0.0,14.7,12.85,1.04,KPA,1.38,2.68,0.01,0.51,0.01,0.55,0.01,0.04,14.0,102.4,206.8,C
1721152437.0,0.0,0.0,0.0,0.0,0.0,0.0,0.0,0.0,1662.0,2.0,1.71,23.4,0.0,0.0,0.0,0.0,14.7,12.85,1.04,KPA,1.38,2.68,0.01,0.51,0.01,0.55,0.01,0.04,14.0,102.4,206.8,C
1721152437.0,0.0,0.0,0.0,0.0,0.0,0.0,0.0,0.0,1662.0,2.0,1.71,23.4,0.0,0.0,0.0,0.0,14.7,12.85,1.04,KPA,1.38,2.68,0.01,0.51,0.01,0.55,0.01,0.04,14.0,102.4,206.8,C
1721152437.0,0.0,0.0,0.0,0.0,0.0,0.0,0.0,0.0,1662.0,2.0,1.71,23.4,0.0,0.0,0.0,0.0,14.7,12.87,1.04,KPA,1.38,2.68,0.01,0.51,0.01,0.55,0.01,0.04,14.0,102.4,206.8,C
1721152437.0,0.0,0.0,0.0,0.0,0.0,0.0,0.0,0.0,1641.0,2.0,1.71,23.4,0.0,0.0,0.0,0.0,14.7,12.87,1.04,KPA,1.38,2.68,0.01,0.51,0.01,0.55,0.01,0.04,14.0,102.4,206.8,C
1721152437.0,0.0,0.0,0.0,0.0,0.0,0.0,0.0,0.0,1641.0,2.0,1.71,23.4,0.0,0.0,0.0,0.0,14.7,13.13,1.04,KPA,1.38,2.68,0.01,0.51,0.01,0.55,0.01,0.04,14.0,102.4,206.8,C
1721152437.0,0.0,0.0,0.0,0.0,0.0,0.0,0.0,0.0,1641.0,2.0,1.71,23.4,0.0,0.0,0.0,0.0,14.7,13.13,1.04,KPA,1.42,2.68,0.01,0.51,0.01,0.55,0.01,0.04,14.0,102.4,206.8,C
1721152437.0,0.0,0.0,0.0,0.0,0.0,0.0,0.0,0.0,1641.0,2.0,1.71,23.4,0.0,0.0,0.0,0.0,14.7,13.13,1.04,KPA,1.42,2.68,0.01,0.51,0.01,0.55,0.01,0.04,14.0,102.4,206.8,C
1721152437.0,0.0,0.0,0.0,0.0,0.0,0.0,0.0,0.0,1641.0,2.0,1.71,23.4,0.0,0.0,0.0,0.0,14.7,13.13,1.04,KPA,1.42,2.68,0.01,0.51,0.01,0.55,0.01,0.04,14.0,102.4,206.8,C
1721152437.0,0.0,0.0,0.0,0.0,0.0,0.0,0.0,0.0,1641.0,2.0,1.71,23.4,0.0,0.0,0.0,0.0,14.7,13.13,1.04,KPA,1.42,2.68,0.01,0.51,0.01,0.55,0.01,0.04,14.0,102.4,206.8,C
1721152437.0,0.0,0.0,0.0,0.0,0.0,0.0,0.0,0.0,1693.0,2.0,1.71,23.4,0.0,0.0,0.0,0.0,14.7,13.13,1.04,KPA,1.42,2.68,0.01,0.51,0.01,0.55,0.01,0.04,14.0,102.4,206.8,C
1721152437.0,0.0,0.0,0.0,0.0,0.0,0.0,0.0,0.0,1693.0,2.0,1.71,23.4,0.0,0.0,0.0,0.0,14.7,13.13,1.04,KPA,1.42,2.68,0.01,0.51,0.01,0.55,0.01,0.04,14.0,102.4,206.8,C
1721152437.0,0.0,0.0,0.0,0.0,0.0,0.0,0.0,0.0,1693.0,2.0,1.71,23.4,0.0,0.0,0.0,0.0,14.7,12.97,1.04,KPA,1.42,2.68,0.01,0.51,0.01,0.55,0.01,0.04,14.0,102.4,206.8,C
1721152437.0,0.0,0.0,0.0,0.0,0.0,0.0,0.0,0.0,1572.0,2.0,1.78,23.3,0.0,0.0,0.0,0.0,14.7,12.97,1.04,KPA,1.42,2.68,0.01,0.51,0.01,0.55,0.01,0.04,14.0,102.4,206.8,C
1721152437.0,0.0,0.0,0.0,0.0,0.0,0.0,0.0,0.0,1572.0,2.0,1.78,23.3,0.0,0.0,0.0,0.0,14.7,12.92,1.04,KPA,1.42,2.68,0.01,0.51,0.01,0.55,0.01,0.04,14.0,102.4,206.8,C
1721152437.0,0.0,0.0,0.0,0.0,0.0,0.0,0.0,0.0,1572.0,2.0,1.78,23.3,0.0,0.0,0.0,0.0,14.7,12.92,1.04,KPA,1.39,2.68,0.01,0.51,0.01,0.55,0.01,0.04,14.0,102.4,206.8,C
1721152437.0,0.0,0.0,0.0,0.0,0.0,0.0,0.0,0.0,1572.0,2.0,1.78,23.3,0.0,0.0,0.0,0.0,14.7,12.92,1.04,KPA,1.39,2.68,0.01,0.51,0.01,0.55,0.01,0.04,14.0,102.4,206.8,C
1721152437.0,0.0,0.0,0.0,0.0,0.0,0.0,0.0,0.0,1572.0,2.0,1.78,23.3,0.0,0.0,0.0,0.0,14.7,12.92,1.04,KPA,1.39,2.68,0.01,0.51,0.01,0.55,0.01,0.04,14.0,102.4,206.8,C
1721152437.0,0.0,0.0,0.0,0.0,0.0,0.0,0.0,0.0,1572.0,2.0,1.78,23.3,0.0,0.0,0.0,0.0,14.7,12.92,1.04,KPA,1.39,2.68,0.01,0.51,0.01,0.55,0.01,0.04,14.0,102.4,206.8,C
1721152437.0,0.0,0.0,0.0,0.0,0.0,0.0,0.0,0.0,1601.0,2.0,1.71,23.3,0.0,0.0,0.0,0.0,14.7,12.92,1.04,KPA,1.39,2.68,0.01,0.51,0.01,0.55,0.01,0.04,14.0,102.4,206.8,C
1721152437.0,0.0,0.0,0.0,0.0,0.0,0.0,0.0,0.0,1601.0,2.0,1.71,23.3,0.0,0.0,0.0,0.0,14.7,12.92,1.04,KPA,1.39,2.68,0.01,0.51,0.01,0.55,0.01,0.04,14.0,102.4,206.8,C
1721152437.0,0.0,0.0,0.0,0.0,0.0,0.0,0.0,0.0,1601.0,2.0,1.71,23.3,0.0,0.0,0.0,0.0,14.7,13.24,1.04,KPA,1.39,2.68,0.01,0.51,0.01,0.55,0.01,0.04,14.0,102.4,206.8,C
1721152437.0,0.0,0.0,0.0,0.0,0.0,0.0,0.0,0.0,1535.0,2.0,1.72,23.3,0.0,0.0,0.0,0.0,14.7,13.24,1.04,KPA,1.39,2.68,0.01,0.51,0.01,0.55,0.01,0.04,14.0,102.4,206.8,C
1721152437.0,0.0,0.0,0.0,0.0,0.0,0.0,0.0,0.0,1535.0,2.0,1.72,23.3,0.0,0.0,0.0,0.0,14.7,13.13,1.04,KPA,1.39,2.68,0.01,0.51,0.01,0.55,0.01,0.04,14.0,102.4,206.8,C
1721152437.0,0.0,0.0,0.0,0.0,0.0,0.0,0.0,0.0,1535.0,2.0,1.72,23.3,0.0,0.0,0.0,0.0,14.7,13.13,1.04,KPA,1.37,2.68,0.01,0.51,0.01,0.55,0.01,0.04,14.0,102.4,206.8,C
1721152437.0,0.0,0.0,0.0,0.0,0.0,0.0,0.0,0.0,1535.0,2.0,1.72,23.3,0.0,0.0,0.0,0.0,14.7,13.13,1.04,KPA,1.37,2.68,0.01,0.51,0.01,0.55,0.01,0.04,14.0,102.4,206.8,C
1721152437.0,0.0,0.0,0.0,0.0,0.0,0.0,0.0,0.0,1535.0,2.0,1.72,23.3,0.0,0.0,0.0,0.0,14.7,13.13,1.04,KPA,1.37,2.68,0.01,0.51,0.01,0.55,0.01,0.04,14.0,102.4,206.8,C
1721152437.0,0.0,0.0,0.0,0.0,0.0,0.0,0.0,0.0,1535.0,2.0,1.72,23.3,0.0,0.0,0.0,0.0,14.7,13.13,1.04,KPA,1.37,2.68,0.01,0.51,0.01,0.55,0.01,0.04,14.0,102.4,206.8,C
1721152438.0,0.0,0.0,0.0,0.0,0.0,0.0,0.0,0.0,1729.0,2.0,1.78,26.3,0.0,0.0,0.0,0.0,14.7,13.13,1.04,KPA,1.37,2.68,0.01,0.51,0.01,0.55,0.01,0.04,14.0,102.4,206.8,C
1721152438.0,0.0,0.0,0.0,0.0,0.0,0.0,0.0,0.0,1729.0,2.0,1.78,26.3,0.0,0.0,0.0,0.0,14.7,13.13,1.04,KPA,1.37,2.68,0.01,0.51,0.01,0.55,0.01,0.04,14.0,102.4,206.8,C
1721152438.0,0.0,0.0,0.0,0.0,0.0,0.0,0.0,0.0,1729.0,2.0,1.78,26.3,0.0,0.0,0.0,0.0,14.7,13.01,1.04,KPA,1.37,2.68,0.01,0.51,0.01,0.55,0.01,0.04,14.0,102.4,206.8,C
1721152438.0,0.0,0.0,0.0,0.0,0.0,0.0,0.0,0.0,1733.0,2.0,1.71,26.3,0.0,0.0,0.0,0.0,14.7,13.01,1.04,KPA,1.37,2.68,0.01,0.51,0.01,0.55,0.01,0.04,14.0,102.4,206.8,C
1721152438.0,0.0,0.0,0.0,0.0,0.0,0.0,0.0,0.0,1733.0,2.0,1.71,26.3,0.0,0.0,0.0,0.0,14.7,12.93,1.04,KPA,1.37,2.68,0.01,0.51,0.01,0.55,0.01,0.04,14.0,102.4,206.8,C
1721152438.0,0.0,0.0,0.0,0.0,0.0,0.0,0.0,0.0,1733.0,2.0,1.71,26.3,0.0,0.0,0.0,0.0,14.7,12.93,1.04,KPA,1.38,2.68,0.01,0.51,0.01,0.55,0.01,0.04,14.0,102.4,206.8,C
1721152438.0,0.0,0.0,0.0,0.0,0.0,0.0,0.0,0.0,1733.0,2.0,1.71,26.3,0.0,0.0,0.0,0.0,14.7,12.93,1.04,KPA,1.38,2.68,0.01,0.51,0.01,0.55,0.01,0.04,14.0,102.4,206.8,C
1721152438.0,0.0,0.0,0.0,0.0,0.0,0.0,0.0,0.0,1733.0,2.0,1.71,26.3,0.0,0.0,0.0,0.0,14.7,12.93,1.04,KPA,1.38,2.68,0.01,0.51,0.01,0.55,0.01,0.04,14.0,102.4,206.8,C
1721152438.0,0.0,0.0,0.0,0.0,0.0,0.0,0.0,0.0,1733.0,2.0,1.71,26.3,0.0,0.0,0.0,0.0,14.7,12.93,1.04,KPA,1.38,2.68,0.01,0.51,0.01,0.55,0.01,0.04,14.0,102.4,206.8,C
1721152438.0,0.0,0.0,0.0,0.0,0.0,0.0,0.0,0.0,1642.0,2.0,1.71,26.3,0.0,0.0,0.0,0.0,14.7,12.93,1.04,KPA,1.38,2.68,0.01,0.51,0.01,0.55,0.01,0.04,14.0,102.4,206.8,C
1721152438.0,0.0,0.0,0.0,0.0,0.0,0.0,0.0,0.0,1642.0,2.0,1.71,26.3,0.0,0.0,0.0,0.0,14.7,12.93,1.04,KPA,1.38,2.68,0.01,0.51,0.01,0.55,0.01,0.04,14.0,102.4,206.8,C
1721152438.0,0.0,0.0,0.0,0.0,0.0,0.0,0.0,0.0,1642.0,2.0,1.71,26.3,0.0,0.0,0.0,0.0,14.7,13.12,1.04,KPA,1.38,2.68,0.01,0.51,0.01,0.55,0.01,0.04,14.0,102.4,206.8,C
1721152438.0,0.0,0.0,0.0,0.0,0.0,0.0,0.0,0.0,1665.0,2.0,1.71,24.2,0.0,0.0,0.0,0.0,14.7,13.12,1.04,KPA,1.38,2.68,0.01,0.51,0.01,0.55,0.01,0.04,14.0,102.4,206.8,C
1721152438.0,0.0,0.0,0.0,0.0,0.0,0.0,0.0,0.0,1665.0,2.0,1.71,24.2,0.0,0.0,0.0,0.0,14.7,12.95,1.04,KPA,1.38,2.68,0.01,0.51,0.01,0.55,0.01,0.04,14.0,102.4,206.8,C
1721152438.0,0.0,0.0,0.0,0.0,0.0,0.0,0.0,0.0,1665.0,2.0,1.71,24.2,0.0,0.0,0.0,0.0,14.7,12.95,1.04,KPA,1.38,2.68,0.01,0.51,0.01,0.55,0.01,0.04,14.0,102.4,206.8,C
1721152438.0,0.0,0.0,0.0,0.0,0.0,0.0,0.0,0.0,1665.0,2.0,1.71,24.2,0.0,0.0,0.0,0.0,14.7,12.95,1.04,KPA,1.38,2.68,0.01,0.51,0.01,0.55,0.01,0.04,14.0,102.4,206.8,C
1721152438.0,0.0,0.0,0.0,0.0,0.0,0.0,0.0,0.0,1665.0,2.0,1.71,24.2,0.0,0.0,0.0,0.0,14.7,12.95,1.04,KPA,1.38,2.68,0.01,0.51,0.01,0.55,0.01,0.04,14.0,102.4,206.8,C
1721152438.0,0.0,0.0,0.0,0.0,0.0,0.0,0.0,0.0,1665.0,2.0,1.71,24.2,0.0,0.0,0.0,0.0,14.7,12.95,1.04,KPA,1.38,2.68,0.01,0.51,0.01,0.55,0.01,0.04,14.0,102.4,206.8,C
1721152438.0,0.0,0.0,0.0,0.0,0.0,0.0,0.0,0.0,1571.0,2.0,1.76,24.2,0.0,0.0,0.0,0.0,14.7,12.95,1.04,KPA,1.38,2.68,0.01,0.51,0.01,0.55,0.01,0.04,14.0,102.4,206.8,C
1721152438.0,0.0,0.0,0.0,0.0,0.0,0.0,0.0,0.0,1571.0,2.0,1.76,24.2,0.0,0.0,0.0,0.0,14.7,12.95,1.04,KPA,1.38,2.68,0.01,0.51,0.01,0.55,0.01,0.04,14.0,102.4,206.8,C
1721152438.0,0.0,0.0,0.0,0.0,0.0,0.0,0.0,0.0,1571.0,2.0,1.76,24.2,0.0,0.0,0.0,0.0,14.7,12.97,1.04,KPA,1.38,2.68,0.01,0.51,0.01,0.55,0.01,0.04,14.0,102.4,206.8,C
1721152438.0,0.0,0.0,0.0,0.0,0.0,0.0,0.0,0.0,1564.0,2.0,1.72,24.2,0.0,0.0,0.0,0.0,14.7,12.97,1.04,KPA,1.38,2.68,0.01,0.51,0.01,0.55,0.01,0.04,14.0,102.4,206.8,C
1721152438.0,0.0,0.0,0.0,0.0,0.0,0.0,0.0,0.0,1564.0,2.0,1.72,24.2,0.0,0.0,0.0,0.0,14.7,13.33,1.04,KPA,1.38,2.68,0.01,0.51,0.01,0.55,0.01,0.04,14.0,102.4,206.8,C
1721152438.0,0.0,0.0,0.0,0.0,0.0,0.0,0.0,0.0,1564.0,2.0,1.72,24.2,0.0,0.0,0.0,0.0,14.7,13.33,1.04,KPA,1.39,2.68,0.01,0.51,0.01,0.55,0.01,0.04,14.0,102.4,206.8,C
1721152438.0,0.0,0.0,0.0,0.0,0.0,0.0,0.0,0.0,1564.0,2.0,1.72,24.2,0.0,0.0,0.0,0.0,14.7,13.33,1.04,KPA,1.39,2.68,0.01,0.51,0.01,0.55,0.01,0.04,14.0,102.4,206.8,C
1721152438.0,0.0,0.0,0.0,0.0,0.0,0.0,0.0,0.0,1564.0,2.0,1.72,24.2,0.0,0.0,0.0,0.0,14.7,13.33,1.04,KPA,1.39,2.68,0.01,0.51,0.01,0.55,0.01,0.04,14.0,102.4,206.8,C
1721152438.0,0.0,0.0,0.0,0.0,0.0,0.0,0.0,0.0,1564.0,2.0,1.72,24.2,0.0,0.0,0.0,0.0,14.7,13.33,1.04,KPA,1.39,2.68,0.01,0.51,0.01,0.55,0.01,0.04,14.0,102.4,206.8,C
1721152438.0,0.0,0.0,0.0,0.0,0.0,0.0,0.0,0.0,1682.0,2.0,1.76,25.3,0.0,0.0,0.0,0.0,14.7,13.33,1.04,KPA,1.39,2.68,0.01,0.51,0.01,0.55,0.01,0.04,14.0,102.4,206.8,C
1721152438.0,0.0,0.0,0.0,0.0,0.0,0.0,0.0,0.0,1682.0,2.0,1.76,25.3,0.0,0.0,0.0,0.0,14.7,13.33,1.04,KPA,1.39,2.68,0.01,0.51,0.01,0.55,0.01,0.04,14.0,102.4,206.8,C
1721152438.0,0.0,0.0,0.0,0.0,0.0,0.0,0.0,0.0,1682.0,2.0,1.76,25.3,0.0,0.0,0.0,0.0,14.7,13.07,1.04,KPA,1.39,2.68,0.01,0.51,0.01,0.55,0.01,0.04,14.0,102.4,206.8,C
1721152438.0,0.0,0.0,0.0,0.0,0.0,0.0,0.0,0.0,1768.0,2.0,1.71,25.3,0.0,0.0,0.0,0.0,14.7,13.07,1.04,KPA,1.39,2.68,0.01,0.51,0.01,0.55,0.01,0.04,14.0,102.4,206.8,C
1721152438.0,0.0,0.0,0.0,0.0,0.0,0.0,0.0,0.0,1768.0,2.0,1.71,25.3,0.0,0.0,0.0,0.0,14.7,12.95,1.04,KPA,1.39,2.68,0.01,0.51,0.01,0.55,0.01,0.04,14.0,102.4,206.8,C
1721152438.0,0.0,0.0,0.0,0.0,0.0,0.0,0.0,0.0,1768.0,2.0,1.71,25.3,0.0,0.0,0.0,0.0,14.7,12.95,1.04,KPA,1.4,2.68,0.01,0.51,0.01,0.55,0.01,0.04,14.0,102.4,206.8,C
1721152438.0,0.0,0.0,0.0,0.0,0.0,0.0,0.0,0.0,1768.0,2.0,1.71,25.3,0.0,0.0,0.0,0.0,14.7,12.95,1.04,KPA,1.4,2.68,0.01,0.51,0.01,0.55,0.01,0.04,14.0,102.4,206.8,C
1721152438.0,0.0,0.0,0.0,0.0,0.0,0.0,0.0,0.0,1768.0,2.0,1.71,25.3,0.0,0.0,0.0,0.0,14.7,12.95,1.04,KPA,1.4,2.68,0.01,0.51,0.01,0.55,0.01,0.04,14.0,102.4,206.8,C
1721152438.0,0.0,0.0,0.0,0.0,0.0,0.0,0.0,0.0,1768.0,2.0,1.71,25.3,0.0,0.0,0.0,0.0,14.7,12.95,1.04,KPA,1.4,2.68,0.01,0.51,0.01,0.55,0.01,0.04,14.0,102.4,206.8,C
1721152438.0,0.0,0.0,0.0,0.0,0.0,0.0,0.0,0.0,1649.0,2.0,1.72,25.3,0.0,0.0,0.0,0.0,14.7,12.95,1.04,KPA,1.4,2.68,0.01,0.51,0.01,0.55,0.01,0.04,14.0,102.4,206.8,C
1721152438.0,0.0,0.0,0.0,0.0,0.0,0.0,0.0,0.0,1649.0,2.0,1.72,25.3,0.0,0.0,0.0,0.0,14.7,12.95,1.04,KPA,1.4,2.68,0.01,0.51,0.01,0.55,0.01,0.04,14.0,102.4,206.8,C
1721152438.0,0.0,0.0,0.0,0.0,0.0,0.0,0.0,0.0,1649.0,2.0,1.72,25.3,0.0,0.0,0.0,0.0,14.7,12.88,1.04,KPA,1.4,2.68,0.01,0.51,0.01,0.55,0.01,0.04,14.0,102.4,206.8,C
1721152438.0,0.0,0.0,0.0,0.0,0.0,0.0,0.0,0.0,1703.0,2.0,1.71,24.1,0.0,0.0,0.0,0.0,14.7,12.88,1.04,KPA,1.4,2.68,0.01,0.51,0.01,0.55,0.01,0.04,14.0,102.4,206.8,C
1721152438.0,0.0,0.0,0.0,0.0,0.0,0.0,0.0,0.0,1703.0,2.0,1.71,24.1,0.0,0.0,0.0,0.0,14.7,12.81,1.04,KPA,1.4,2.68,0.01,0.51,0.01,0.55,0.01,0.04,14.0,102.4,206.8,C
1721152438.0,0.0,0.0,0.0,0.0,0.0,0.0,0.0,0.0,1703.0,2.0,1.71,24.1,0.0,0.0,0.0,0.0,14.7,12.81,1.04,KPA,1.39,2.68,0.01,0.51,0.01,0.55,0.01,0.04,14.0,102.4,206.8,C
1721152438.0,0.0,0.0,0.0,0.0,0.0,0.0,0.0,0.0,1703.0,2.0,1.71,24.1,0.0,0.0,0.0,0.0,14.7,12.81,1.04,KPA,1.39,2.68,0.01,0.51,0.01,0.55,0.01,0.04,14.0,102.4,206.8,C
1721152438.0,0.0,0.0,0.0,0.0,0.0,0.0,0.0,0.0,1703.0,2.0,1.71,24.1,0.0,0.0,0.0,0.0,14.7,12.81,1.04,KPA,1.39,2.68,0.01,0.51,0.01,0.55,0.01,0.04,14.0,102.4,206.8,C
1721152438.0,0.0,0.0,0.0,0.0,0.0,0.0,0.0,0.0,1703.0,2.0,1.71,24.1,0.0,0.0,0.0,0.0,14.7,12.81,1.04,KPA,1.39,2.68,0.01,0.51,0.01,0.55,0.01,0.04,14.0,102.4,206.8,C
1721152438.0,0.0,0.0,0.0,0.0,0.0,0.0,0.0,0.0,1655.0,2.0,1.72,24.1,0.0,0.0,0.0,0.0,14.7,12.81,1.04,KPA,1.39,2.68,0.01,0.51,0.01,0.55,0.01,0.04,14.0,102.4,206.8,C
1721152438.0,0.0,0.0,0.0,0.0,0.0,0.0,0.0,0.0,1655.0,2.0,1.72,24.1,0.0,0.0,0.0,0.0,14.7,12.81,1.04,KPA,1.39,2.68,0.01,0.51,0.01,0.55,0.01,0.04,14.0,102.4,206.8,C
1721152438.0,0.0,0.0,0.0,0.0,0.0,0.0,0.0,0.0,1655.0,2.0,1.72,24.1,0.0,0.0,0.0,0.0,14.7,13.11,1.04,KPA,1.39,2.68,0.01,0.51,0.01,0.55,0.01,0.04,14.0,102.4,206.8,C
1721152438.0,0.0,0.0,0.0,0.0,0.0,0.0,0.0,0.0,1667.0,2.0,1.72,24.1,0.0,0.0,0.0,0.0,14.7,13.11,1.04,KPA,1.39,2.68,0.01,0.51,0.01,0.55,0.01,0.04,14.0,102.4,206.8,C
1721152438.0,0.0,0.0,0.0,0.0,0.0,0.0,0.0,0.0,1667.0,2.0,1.72,24.1,0.0,0.0,0.0,0.0,14.7,13.03,1.04,KPA,1.39,2.68,0.01,0.51,0.01,0.55,0.01,0.04,14.0,102.4,206.8,C
1721152438.0,0.0,0.0,0.0,0.0,0.0,0.0,0.0,0.0,1667.0,2.0,1.72,24.1,0.0,0.0,0.0,0.0,14.7,13.03,1.04,KPA,1.38,2.68,0.01,0.51,0.01,0.55,0.01,0.04,14.0,102.4,206.8,C
1721152438.0,0.0,0.0,0.0,0.0,0.0,0.0,0.0,0.0,1667.0,2.0,1.72,24.1,0.0,0.0,0.0,0.0,14.7,13.03,1.04,KPA,1.38,2.68,0.01,0.51,0.01,0.55,0.01,0.04,14.0,102.4,206.8,C
1721152438.0,0.0,0.0,0.0,0.0,0.0,0.0,0.0,0.0,1667.0,2.0,1.72,24.1,0.0,0.0,0.0,0.0,14.7,13.03,1.04,KPA,1.38,2.68,0.01,0.51,0.01,0.55,0.01,0.04,14.0,102.4,206.8,C
1721152438.0,0.0,0.0,0.0,0.0,0.0,0.0,0.0,0.0,1667.0,2.0,1.72,24.1,0.0,0.0,0.0,0.0,14.7,13.03,1.04,KPA,1.38,2.68,0.01,0.51,0.01,0.55,0.01,0.04,14.0,102.4,206.8,C
1721152438.0,0.0,0.0,0.0,0.0,0.0,0.0,0.0,0.0,1631.0,2.0,1.76,24.1,0.0,0.0,0.0,0.0,14.7,13.03,1.04,KPA,1.38,2.68,0.01,0.51,0.01,0.55,0.01,0.04,14.0,102.4,206.8,C
1721152438.0,0.0,0.0,0.0,0.0,0.0,0.0,0.0,0.0,1631.0,2.0,1.76,24.1,0.0,0.0,0.0,0.0,14.7,13.03,1.04,KPA,1.38,2.68,0.01,0.51,0.01,0.55,0.01,0.04,14.0,102.4,206.8,C
1721152438.0,0.0,0.0,0.0,0.0,0.0,0.0,0.0,0.0,1631.0,2.0,1.76,24.1,0.0,0.0,0.0,0.0,14.7,12.81,1.04,KPA,1.38,2.68,0.01,0.51,0.01,0.55,0.01,0.04,14.0,102.4,206.8,C
1721152438.0,0.0,0.0,0.0,0.0,0.0,0.0,0.0,0.0,1631.0,2.0,1.76,24.1,0.0,0.0,0.0,0.0,14.7,12.81,1.04,KPA,1.38,2.68,0.01,0.51,0.01,0.55,0.01,0.04,13.9,102.4,206.8,C
1721152438.0,0.0,0.0,0.0,0.0,0.0,0.0,0.0,0.0,1610.0,2.0,1.72,23.7,0.0,0.0,0.0,0.0,14.7,12.81,1.04,KPA,1.38,2.68,0.01,0.51,0.01,0.55,0.01,0.04,13.9,102.4,206.8,C
1721152438.0,0.0,0.0,0.0,0.0,0.0,0.0,0.0,0.0,1610.0,2.0,1.72,23.7,0.0,0.0,0.0,0.0,14.7,13.03,1.04,KPA,1.38,2.68,0.01,0.51,0.01,0.55,0.01,0.04,13.9,102.4,206.8,C
1721152438.0,0.0,0.0,0.0,0.0,0.0,0.0,0.0,0.0,1610.0,2.0,1.72,23.7,0.0,0.0,0.0,0.0,14.7,13.03,1.04,KPA,1.38,2.68,0.01,0.51,0.01,0.55,0.01,0.04,13.9,102.4,206.8,C
1721152438.0,0.0,0.0,0.0,0.0,0.0,0.0,0.0,0.0,1610.0,2.0,1.72,23.7,0.0,0.0,0.0,0.0,14.7,13.03,1.04,KPA,1.38,2.68,0.01,0.51,0.01,0.55,0.01,0.04,13.9,102.4,206.8,C
1721152438.0,0.0,0.0,0.0,0.0,0.0,0.0,0.0,0.0,1610.0,2.0,1.72,23.7,0.0,0.0,0.0,0.0,14.7,13.03,1.04,KPA,1.38,2.68,0.01,0.51,0.01,0.55,0.01,0.04,13.9,102.4,206.8,C
1721152438.0,0.0,0.0,0.0,0.0,0.0,0.0,0.0,0.0,1610.0,2.0,1.72,23.7,0.0,0.0,0.0,0.0,14.7,13.03,1.04,KPA,1.38,2.68,0.01,0.51,0.01,0.55,0.01,0.04,13.9,102.4,206.8,C
1721152438.0,0.0,0.0,0.0,0.0,0.0,0.0,0.0,0.0,1613.0,2.0,1.77,23.7,0.0,0.0,0.0,0.0,14.7,13.03,1.04,KPA,1.38,2.68,0.01,0.51,0.01,0.55,0.01,0.04,13.9,102.4,206.8,C
1721152438.0,0.0,0.0,0.0,0.0,0.0,0.0,0.0,0.0,1613.0,2.0,1.77,23.7,0.0,0.0,0.0,0.0,14.7,13.03,1.04,KPA,1.38,2.68,0.01,0.51,0.01,0.55,0.01,0.04,13.9,102.4,206.8,C
1721152438.0,0.0,0.0,0.0,0.0,0.0,0.0,0.0,0.0,1613.0,2.0,1.77,23.7,0.0,0.0,0.0,0.0,14.7,13.2,1.04,KPA,1.38,2.68,0.01,0.51,0.01,0.55,0.01,0.04,13.9,102.4,206.8,C
1721152438.0,0.0,0.0,0.0,0.0,0.0,0.0,0.0,0.0,1651.0,2.0,1.72,23.7,0.0,0.0,0.0,0.0,14.7,13.2,1.04,KPA,1.38,2.68,0.01,0.51,0.01,0.55,0.01,0.04,13.9,102.4,206.8,C
1721152438.0,0.0,0.0,0.0,0.0,0.0,0.0,0.0,0.0,1651.0,2.0,1.72,23.7,0.0,0.0,0.0,0.0,14.7,13.04,1.04,KPA,1.38,2.68,0.01,0.51,0.01,0.55,0.01,0.04,13.9,102.4,206.8,C
1721152438.0,0.0,0.0,0.0,0.0,0.0,0.0,0.0,0.0,1651.0,2.0,1.72,23.7,0.0,0.0,0.0,0.0,14.7,13.04,1.04,KPA,1.42,2.68,0.01,0.51,0.01,0.55,0.01,0.04,13.9,102.4,206.8,C
1721152438.0,0.0,0.0,0.0,0.0,0.0,0.0,0.0,0.0,1651.0,2.0,1.72,23.7,0.0,0.0,0.0,0.0,14.7,13.04,1.04,KPA,1.42,2.68,0.01,0.51,0.01,0.55,0.01,0.04,13.9,102.4,206.8,C
1721152438.0,0.0,0.0,0.0,0.0,0.0,0.0,0.0,0.0,1651.0,2.0,1.72,23.7,0.0,0.0,0.0,0.0,14.7,13.04,1.04,KPA,1.42,2.68,0.01,0.51,0.01,0.55,0.01,0.04,13.9,102.4,206.8,C
1721152438.0,0.0,0.0,0.0,0.0,0.0,0.0,0.0,0.0,1651.0,2.0,1.72,23.7,0.0,0.0,0.0,0.0,14.7,13.04,1.04,KPA,1.42,2.68,0.01,0.51,0.01,0.55,0.01,0.04,13.9,102.4,206.8,C
1721152438.0,0.0,0.0,0.0,0.0,0.0,0.0,0.0,0.0,1586.0,2.0,1.72,24.0,0.0,0.0,0.0,0.0,14.7,13.04,1.04,KPA,1.42,2.68,0.01,0.51,0.01,0.55,0.01,0.04,13.9,102.4,206.8,C
1721152438.0,0.0,0.0,0.0,0.0,0.0,0.0,0.0,0.0,1586.0,2.0,1.72,24.0,0.0,0.0,0.0,0.0,14.7,13.04,1.04,KPA,1.42,2.68,0.01,0.51,0.01,0.55,0.01,0.04,13.9,102.4,206.8,C
1721152438.0,0.0,0.0,0.0,0.0,0.0,0.0,0.0,0.0,1586.0,2.0,1.72,24.0,0.0,0.0,0.0,0.0,14.7,12.87,1.04,KPA,1.42,2.68,0.01,0.51,0.01,0.55,0.01,0.04,13.9,102.4,206.8,C
1721152438.0,0.0,0.0,0.0,0.0,0.0,0.0,0.0,0.0,1583.0,2.0,1.72,24.0,0.0,0.0,0.0,0.0,14.7,12.87,1.04,KPA,1.42,2.68,0.01,0.51,0.01,0.55,0.01,0.04,13.9,102.4,206.8,C
1721152438.0,0.0,0.0,0.0,0.0,0.0,0.0,0.0,0.0,1583.0,2.0,1.72,24.0,0.0,0.0,0.0,0.0,14.7,13.19,1.04,KPA,1.42,2.68,0.01,0.51,0.01,0.55,0.01,0.04,13.9,102.4,206.8,C
1721152438.0,0.0,0.0,0.0,0.0,0.0,0.0,0.0,0.0,1583.0,2.0,1.72,24.0,0.0,0.0,0.0,0.0,14.7,13.19,1.04,KPA,1.4,2.68,0.01,0.51,0.01,0.55,0.01,0.04,13.9,102.4,206.8,C
1721152438.0,0.0,0.0,0.0,0.0,0.0,0.0,0.0,0.0,1583.0,2.0,1.72,24.0,0.0,0.0,0.0,0.0,14.7,13.19,1.04,KPA,1.4,2.68,0.01,0.51,0.01,0.55,0.01,0.04,13.9,102.4,206.8,C
1721152438.0,0.0,0.0,0.0,0.0,0.0,0.0,0.0,0.0,1583.0,2.0,1.72,24.0,0.0,0.0,0.0,0.0,14.7,13.19,1.04,KPA,1.4,2.68,0.01,0.51,0.01,0.55,0.01,0.04,13.9,102.4,206.8,C
1721152438.0,0.0,0.0,0.0,0.0,0.0,0.0,0.0,0.0,1583.0,2.0,1.72,24.0,0.0,0.0,0.0,0.0,14.7,13.19,1.04,KPA,1.4,2.68,0.01,0.51,0.01,0.55,0.01,0.04,13.9,102.4,206.8,C
1721152438.0,0.0,0.0,0.0,0.0,0.0,0.0,0.0,0.0,1687.0,2.0,1.73,24.0,0.0,0.0,0.0,0.0,14.7,13.19,1.04,KPA,1.4,2.68,0.01,0.51,0.01,0.55,0.01,0.04,13.9,102.4,206.8,C
1721152438.0,0.0,0.0,0.0,0.0,0.0,0.0,0.0,0.0,1687.0,2.0,1.73,24.0,0.0,0.0,0.0,0.0,14.7,13.19,1.04,KPA,1.4,2.68,0.01,0.51,0.01,0.55,0.01,0.04,13.9,102.4,206.8,C
1721152438.0,0.0,0.0,0.0,0.0,0.0,0.0,0.0,0.0,1687.0,2.0,1.73,24.0,0.0,0.0,0.0,0.0,14.7,13.05,1.04,KPA,1.4,2.68,0.01,0.51,0.01,0.55,0.01,0.04,13.9,102.4,206.8,C
1721152438.0,0.0,0.0,0.0,0.0,0.0,0.0,0.0,0.0,1474.0,2.0,1.86,23.3,0.0,0.0,0.0,0.0,14.7,13.05,1.04,KPA,1.4,2.68,0.01,0.51,0.01,0.55,0.01,0.04,13.9,102.4,206.8,C
1721152438.0,0.0,0.0,0.0,0.0,0.0,0.0,0.0,0.0,1474.0,2.0,1.86,23.3,0.0,0.0,0.0,0.0,14.7,13.13,1.04,KPA,1.4,2.68,0.01,0.51,0.01,0.55,0.01,0.04,13.9,102.4,206.8,C
1721152438.0,0.0,0.0,0.0,0.0,0.0,0.0,0.0,0.0,1474.0,2.0,1.86,23.3,0.0,0.0,0.0,0.0,14.7,13.13,1.04,KPA,1.37,2.68,0.01,0.51,0.01,0.55,0.01,0.04,13.9,102.4,206.8,C
1721152438.0,0.0,0.0,0.0,0.0,0.0,0.0,0.0,0.0,1474.0,2.0,1.86,23.3,0.0,0.0,0.0,0.0,14.7,13.13,1.04,KPA,1.37,2.68,0.01,0.51,0.01,0.55,0.01,0.04,13.9,102.4,206.8,C
1721152438.0,0.0,0.0,0.0,0.0,0.0,0.0,0.0,0.0,1474.0,2.0,1.86,23.3,0.0,0.0,0.0,0.0,14.7,13.13,1.04,KPA,1.37,2.68,0.01,0.51,0.01,0.55,0.01,0.04,13.9,102.4,206.8,C
1721152438.0,0.0,0.0,0.0,0.0,0.0,0.0,0.0,0.0,1474.0,2.0,1.86,23.3,0.0,0.0,0.0,0.0,14.7,13.13,1.04,KPA,1.37,2.68,0.01,0.51,0.01,0.55,0.01,0.04,13.9,102.4,206.8,C
1721152439.0,0.0,0.0,0.0,0.0,0.0,0.0,0.0,0.0,1555.0,2.0,1.86,23.3,0.0,0.0,0.0,0.0,14.7,13.13,1.04,KPA,1.37,2.68,0.01,0.51,0.01,0.55,0.01,0.04,13.9,102.4,206.8,C
1721152439.0,0.0,0.0,0.0,0.0,0.0,0.0,0.0,0.0,1555.0,2.0,1.86,23.3,0.0,0.0,0.0,0.0,14.7,13.13,1.04,KPA,1.37,2.68,0.01,0.51,0.01,0.55,0.01,0.04,13.9,102.4,206.8,C
1721152439.0,0.0,0.0,0.0,0.0,0.0,0.0,0.0,0.0,1555.0,2.0,1.86,23.3,0.0,0.0,0.0,0.0,14.7,13.33,1.04,KPA,1.37,2.68,0.01,0.51,0.01,0.55,0.01,0.04,13.9,102.4,206.8,C
1721152439.0,0.0,0.0,0.0,0.0,0.0,0.0,0.0,0.0,1536.0,2.0,1.92,23.3,0.0,0.0,0.0,0.0,14.7,13.33,1.04,KPA,1.37,2.68,0.01,0.51,0.01,0.55,0.01,0.04,13.9,102.4,206.8,C
1721152439.0,0.0,0.0,0.0,0.0,0.0,0.0,0.0,0.0,1536.0,2.0,1.92,23.3,0.0,0.0,0.0,0.0,14.7,13.08,1.04,KPA,1.37,2.68,0.01,0.51,0.01,0.55,0.01,0.04,13.9,102.4,206.8,C
1721152439.0,0.0,0.0,0.0,0.0,0.0,0.0,0.0,0.0,1536.0,2.0,1.92,23.3,0.0,0.0,0.0,0.0,14.7,13.08,1.04,KPA,1.39,2.68,0.01,0.51,0.01,0.55,0.01,0.04,13.9,102.4,206.8,C
1721152439.0,0.0,0.0,0.0,0.0,0.0,0.0,0.0,0.0,1536.0,2.0,1.92,23.3,0.0,0.0,0.0,0.0,14.7,13.08,1.04,KPA,1.39,2.68,0.01,0.51,0.01,0.55,0.01,0.04,13.9,102.4,206.8,C
1721152439.0,0.0,0.0,0.0,0.0,0.0,0.0,0.0,0.0,1536.0,2.0,1.92,23.3,0.0,0.0,0.0,0.0,14.7,13.08,1.04,KPA,1.39,2.68,0.01,0.51,0.01,0.55,0.01,0.04,13.9,102.4,206.8,C
1721152439.0,0.0,0.0,0.0,0.0,0.0,0.0,0.0,0.0,1536.0,2.0,1.92,23.3,0.0,0.0,0.0,0.0,14.7,13.08,1.04,KPA,1.39,2.68,0.01,0.51,0.01,0.55,0.01,0.04,13.9,102.4,206.8,C
1721152439.0,0.0,0.0,0.0,0.0,0.0,0.0,0.0,0.0,1762.0,2.0,1.78,26.3,0.0,0.0,0.0,0.0,14.7,13.08,1.04,KPA,1.39,2.68,0.01,0.51,0.01,0.55,0.01,0.04,13.9,102.4,206.8,C
1721152439.0,0.0,0.0,0.0,0.0,0.0,0.0,0.0,0.0,1762.0,2.0,1.78,26.3,0.0,0.0,0.0,0.0,14.7,13.08,1.04,KPA,1.39,2.68,0.01,0.51,0.01,0.55,0.01,0.04,13.9,102.4,206.8,C
1721152439.0,0.0,0.0,0.0,0.0,0.0,0.0,0.0,0.0,1762.0,2.0,1.78,26.3,0.0,0.0,0.0,0.0,14.7,12.95,1.04,KPA,1.39,2.68,0.01,0.51,0.01,0.55,0.01,0.04,13.9,102.4,206.8,C
1721152439.0,0.0,0.0,0.0,0.0,0.0,0.0,0.0,0.0,1738.0,2.0,1.72,26.3,0.0,0.0,0.0,0.0,14.7,12.95,1.04,KPA,1.39,2.68,0.01,0.51,0.01,0.55,0.01,0.04,13.9,102.4,206.8,C
1721152439.0,0.0,0.0,0.0,0.0,0.0,0.0,0.0,0.0,1738.0,2.0,1.72,26.3,0.0,0.0,0.0,0.0,14.7,13.0,1.04,KPA,1.39,2.68,0.01,0.51,0.01,0.55,0.01,0.04,13.9,102.4,206.8,C
1721152439.0,0.0,0.0,0.0,0.0,0.0,0.0,0.0,0.0,1738.0,2.0,1.72,26.3,0.0,0.0,0.0,0.0,14.7,13.0,1.04,KPA,1.41,2.68,0.01,0.51,0.01,0.55,0.01,0.04,13.9,102.4,206.8,C
1721152439.0,0.0,0.0,0.0,0.0,0.0,0.0,0.0,0.0,1738.0,2.0,1.72,26.3,0.0,0.0,0.0,0.0,14.7,13.0,1.04,KPA,1.41,2.68,0.01,0.51,0.01,0.55,0.01,0.04,13.9,102.4,206.8,C
1721152439.0,0.0,0.0,0.0,0.0,0.0,0.0,0.0,0.0,1738.0,2.0,1.72,26.3,0.0,0.0,0.0,0.0,14.7,13.0,1.04,KPA,1.41,2.68,0.01,0.51,0.01,0.55,0.01,0.04,13.9,102.4,206.8,C
1721152439.0,0.0,0.0,0.0,0.0,0.0,0.0,0.0,0.0,1738.0,2.0,1.72,26.3,0.0,0.0,0.0,0.0,14.7,13.0,1.04,KPA,1.41,2.68,0.01,0.51,0.01,0.55,0.01,0.04,13.9,102.4,206.8,C
1721152439.0,0.0,0.0,0.0,0.0,0.0,0.0,0.0,0.0,1701.0,2.0,1.72,26.3,0.0,0.0,0.0,0.0,14.7,13.0,1.04,KPA,1.41,2.68,0.01,0.51,0.01,0.55,0.01,0.04,13.9,102.4,206.8,C
1721152439.0,0.0,0.0,0.0,0.0,0.0,0.0,0.0,0.0,1701.0,2.0,1.72,26.3,0.0,0.0,0.0,0.0,14.7,13.0,1.04,KPA,1.41,2.68,0.01,0.51,0.01,0.55,0.01,0.04,13.9,102.4,206.8,C
1721152439.0,0.0,0.0,0.0,0.0,0.0,0.0,0.0,0.0,1701.0,2.0,1.72,26.3,0.0,0.0,0.0,0.0,14.7,12.95,1.04,KPA,1.41,2.68,0.01,0.51,0.01,0.55,0.01,0.04,13.9,102.4,206.8,C
1721152439.0,0.0,0.0,0.0,0.0,0.0,0.0,0.0,0.0,1875.0,2.0,1.72,14.9,0.0,0.0,0.0,0.0,14.7,12.95,1.04,KPA,1.41,2.68,0.01,0.51,0.01,0.55,0.01,0.04,13.9,102.4,206.8,C
1721152439.0,0.0,0.0,0.0,0.0,0.0,0.0,0.0,0.0,1875.0,2.0,1.72,14.9,0.0,0.0,0.0,0.0,14.7,12.71,1.04,KPA,1.41,2.68,0.01,0.51,0.01,0.55,0.01,0.04,13.9,102.4,206.8,C
1721152439.0,0.0,0.0,0.0,0.0,0.0,0.0,0.0,0.0,1875.0,2.0,1.72,14.9,0.0,0.0,0.0,0.0,14.7,12.71,1.04,KPA,1.43,2.68,0.01,0.51,0.01,0.55,0.01,0.04,13.9,102.4,206.8,C
1721152439.0,0.0,0.0,0.0,0.0,0.0,0.0,0.0,0.0,1875.0,2.0,1.72,14.9,0.0,0.0,0.0,0.0,14.7,12.71,1.04,KPA,1.43,2.68,0.01,0.51,0.01,0.55,0.01,0.04,13.9,102.4,206.8,C
1721152439.0,0.0,0.0,0.0,0.0,0.0,0.0,0.0,0.0,1875.0,2.0,1.72,14.9,0.0,0.0,0.0,0.0,14.7,12.71,1.04,KPA,1.43,2.68,0.01,0.51,0.01,0.55,0.01,0.04,13.9,102.4,206.8,C
1721152439.0,0.0,0.0,0.0,0.0,0.0,0.0,0.0,0.0,1875.0,2.0,1.72,14.9,0.0,0.0,0.0,0.0,14.7,12.71,1.04,KPA,1.43,2.68,0.01,0.51,0.01,0.55,0.01,0.04,13.9,102.4,206.8,C
1721152439.0,0.0,0.0,0.0,0.0,0.0,0.0,0.0,0.0,1795.0,2.0,1.73,14.9,0.0,0.0,0.0,0.0,14.7,12.71,1.04,KPA,1.43,2.68,0.01,0.51,0.01,0.55,0.01,0.04,13.9,102.4,206.8,C
1721152439.0,0.0,0.0,0.0,0.0,0.0,0.0,0.0,0.0,1795.0,2.0,1.73,14.9,0.0,0.0,0.0,0.0,14.7,12.71,1.04,KPA,1.43,2.68,0.01,0.51,0.01,0.55,0.01,0.04,13.9,102.4,206.8,C
1721152439.0,0.0,0.0,0.0,0.0,0.0,0.0,0.0,0.0,1795.0,2.0,1.73,14.9,0.0,0.0,0.0,0.0,14.7,12.77,1.04,KPA,1.43,2.68,0.01,0.51,0.01,0.55,0.01,0.04,13.9,102.4,206.8,C
1721152439.0,0.0,0.0,0.0,0.0,0.0,0.0,0.0,0.0,1751.0,2.0,1.72,14.9,0.0,0.0,0.0,0.0,14.7,12.77,1.04,KPA,1.43,2.68,0.01,0.51,0.01,0.55,0.01,0.04,13.9,102.4,206.8,C
1721152439.0,0.0,0.0,0.0,0.0,0.0,0.0,0.0,0.0,1751.0,2.0,1.72,14.9,0.0,0.0,0.0,0.0,14.7,12.85,1.04,KPA,1.43,2.68,0.01,0.51,0.01,0.55,0.01,0.04,13.9,102.4,206.8,C
1721152439.0,0.0,0.0,0.0,0.0,0.0,0.0,0.0,0.0,1751.0,2.0,1.72,14.9,0.0,0.0,0.0,0.0,14.7,12.85,1.04,KPA,1.42,2.68,0.01,0.51,0.01,0.55,0.01,0.04,13.9,102.4,206.8,C
1721152439.0,0.0,0.0,0.0,0.0,0.0,0.0,0.0,0.0,1751.0,2.0,1.72,14.9,0.0,0.0,0.0,0.0,14.7,12.85,1.04,KPA,1.42,2.68,0.01,0.51,0.01,0.55,0.01,0.04,13.9,102.4,206.8,C
1721152439.0,0.0,0.0,0.0,0.0,0.0,0.0,0.0,0.0,1751.0,2.0,1.72,14.9,0.0,0.0,0.0,0.0,14.7,12.85,1.04,KPA,1.42,2.68,0.01,0.51,0.01,0.55,0.01,0.04,13.9,102.4,206.8,C
1721152439.0,0.0,0.0,0.0,0.0,0.0,0.0,0.0,0.0,1751.0,2.0,1.72,14.9,0.0,0.0,0.0,0.0,14.7,12.85,1.04,KPA,1.42,2.68,0.01,0.51,0.01,0.55,0.01,0.04,13.9,102.4,206.8,C
1721152439.0,0.0,0.0,0.0,0.0,0.0,0.0,0.0,0.0,1797.0,2.0,1.72,14.9,0.0,0.0,0.0,0.0,14.7,12.85,1.04,KPA,1.42,2.68,0.01,0.51,0.01,0.55,0.01,0.04,13.9,102.4,206.8,C
1721152439.0,0.0,0.0,0.0,0.0,0.0,0.0,0.0,0.0,1797.0,2.0,1.72,14.9,0.0,0.0,0.0,0.0,14.7,12.85,1.04,KPA,1.42,2.68,0.01,0.51,0.01,0.55,0.01,0.04,13.9,102.4,206.8,C
1721152439.0,0.0,0.0,0.0,0.0,0.0,0.0,0.0,0.0,1797.0,2.0,1.72,14.9,0.0,0.0,0.0,0.0,14.7,12.73,1.04,KPA,1.42,2.68,0.01,0.51,0.01,0.55,0.01,0.04,13.9,102.4,206.8,C
1721152439.0,0.0,0.0,0.0,0.0,0.0,0.0,0.0,0.0,1747.0,2.0,1.72,15.0,0.0,0.0,0.0,0.0,14.7,12.73,1.04,KPA,1.42,2.68,0.01,0.51,0.01,0.55,0.01,0.04,13.9,102.4,206.8,C
1721152439.0,0.0,0.0,0.0,0.0,0.0,0.0,0.0,0.0,1747.0,2.0,1.72,15.0,0.0,0.0,0.0,0.0,14.7,12.79,1.04,KPA,1.42,2.68,0.01,0.51,0.01,0.55,0.01,0.04,13.9,102.4,206.8,C
1721152439.0,0.0,0.0,0.0,0.0,0.0,0.0,0.0,0.0,1747.0,2.0,1.72,15.0,0.0,0.0,0.0,0.0,14.7,12.79,1.04,KPA,1.42,2.68,0.01,0.51,0.01,0.55,0.01,0.04,13.9,102.4,206.8,C
